-- phpMyAdmin SQL Dump
-- version 4.8.3
-- https://www.phpmyadmin.net/
--
-- Host: localhost:3306
-- Generation Time: May 31, 2020 at 06:18 AM
-- Server version: 5.6.41-84.1-log
-- PHP Version: 7.2.7

SET SQL_MODE = "NO_AUTO_VALUE_ON_ZERO";
SET AUTOCOMMIT = 0;
START TRANSACTION;
SET time_zone = "+00:00";


/*!40101 SET @OLD_CHARACTER_SET_CLIENT=@@CHARACTER_SET_CLIENT */;
/*!40101 SET @OLD_CHARACTER_SET_RESULTS=@@CHARACTER_SET_RESULTS */;
/*!40101 SET @OLD_COLLATION_CONNECTION=@@COLLATION_CONNECTION */;
/*!40101 SET NAMES utf8mb4 */;

--
-- Database: `shahahbr_ecommerce`
--

-- --------------------------------------------------------

--
-- Table structure for table `category`
--

CREATE TABLE `category` (
  `id` int(11) NOT NULL,
  `category_en` varchar(200) NOT NULL,
  `category_bn` varchar(200) NOT NULL,
  `category` varchar(255) NOT NULL
) ENGINE=InnoDB DEFAULT CHARSET=utf8;

--
-- Dumping data for table `category`
--

INSERT INTO `category` (`id`, `category_en`, `category_bn`, `category`) VALUES
(37, 'World Class Herbal Products', 'বিশ্বখ্যাত হারবাল প্রোডাক্ট সমূহ', 'Herbal'),
(38, 'Hamdard Unani Products', 'হামদর্দ এর ইউনানী প্রোডাক্ট সমূহ', 'Unani'),
(39, 'Hamdard Ayurvedic Products', 'হামদর্দ এর আয়ুর্রবেদিক প্রোডাক্ট সমূহ', 'Ayurvedic'),
(40, 'Hamdard Food Products', 'বিশ্বখ্যাত ফুড প্রোডাক্ট সমূহ', 'Food');

-- --------------------------------------------------------

--
-- Table structure for table `medicine`
--

CREATE TABLE `medicine` (
  `id` int(11) NOT NULL,
  `name` varchar(255) CHARACTER SET utf8 NOT NULL,
  `name_en` varchar(100) CHARACTER SET utf8 NOT NULL,
  `name_grp` varchar(200) CHARACTER SET utf8 NOT NULL,
  `used` varchar(200) CHARACTER SET utf8 NOT NULL,
  `price` varchar(200) CHARACTER SET utf8 NOT NULL,
  `price_en` int(11) NOT NULL,
  `unit` varchar(100) CHARACTER SET utf8 NOT NULL,
  `type_id` int(11) NOT NULL,
  `instruction` varchar(200) CHARACTER SET utf8 NOT NULL,
  `prescribe` varchar(200) CHARACTER SET utf8 NOT NULL,
  `image` text CHARACTER SET utf8 NOT NULL,
  `category_id` int(11) DEFAULT NULL
) ENGINE=InnoDB DEFAULT CHARSET=latin1;

--
-- Dumping data for table `medicine`
--

INSERT INTO `medicine` (`id`, `name`, `name_en`, `name_grp`, `used`, `price`, `price_en`, `unit`, `type_id`, `instruction`, `prescribe`, `image`, `category_id`) VALUES
(25, 'জিনটোন', 'Ginton', 'প্যানাক্স জিনসেং ৫০০ মিগ্রা', '৫ x ৬', 'প্রতি বক্স ২৭০.০০', 100, 'প্রতি ক্যাপসুল ৯', 8, 'সাধারন দুর্বলতা, শারিরীক কর্ম ক্ষমতা হ্রাস, ক্লান্তি-শ্রান্তি, ডায়াবেটিকস, যৌনাকাঙ্ক্ষা হ্রাস, লিঙ্গথান জনিত সমস্যা ও অমোনযোগিতা।', '১ ক্যাপসুল দৈনিক ২ বার অথবা\r\nচিকিৎসকের পরামর্শ আনুযায়ী সেব্য।', 'Ginton-Leat-Ban-01.jpg', 37),
(26, 'কোবি', 'Kobi', 'জিংকগো বিলোবো ৬০ মিগ্রা', '৫ x ৬', 'প্রতি বক্স ১৭৫.০০', 100, 'প্রতি ক্যাপসুল ৫.৮৩', 8, 'অ্যালজাইমারস ডিজিজ, (ভুলে যাওয়া), ডিমেনশিয়া (বুদ্ধিবৃত্তিক কর্মহিনতা), স্মরণ শক্তি হ্রাস, কানে ভোঁ-ভোঁ শব্দ, ইন্তারমিটেন্ট ক্লাউডিকেশন (পায়ের নিচের অংশে সবিরাম ব্যাথা), শিরার অকার্যকারিতা ও ডায়াবেটিস।', '১ ক্যাপসুল দৈনিক ২ বার অথবা চিকিৎসকের পরামর্শ আনুযায়ী সেব্য।', 'Kobi.jpg', 37),
(27, 'লিভেক', 'Livec', 'মিল্ক থিসল ৮৭.৫০ মিগ্রা ', '৫ x ৬', 'প্রতি বক্স ২০০.০০', 100, 'প্রতি ক্যাপসুল ৬.৬৭', 8, 'জন্ডিস,হেপাটাইটিস,লিভার সিরসিস ও লিভারের দুর্বলতা।', '১ ক্যাপসুল দৈনিক ৩ বার অথবা চিকিৎসকের পরামর্শ আনুযায়ী সেব্য।', '', 37),
(28, 'জনর্ট', 'Jonort', 'সেইন্ট জনস ওয়ার্ট ৩০০ মিগ্রা ', '৫ x ৬', 'প্রতি বক্স ১৫০.০০', 100, 'প্রতি ক্যাপসুল ৫.০০', 8, 'বিষণ্ণতা, অনিদ্রা, দুশ্চিন্তা বা উদ্বেগ, ঋতু পরিবর্তনকালীন বিভিন্ন সমস্যা, অবসেসিভ কমপালসিভ ডিসঅর্ডার।', ' ১ ক্যাপসুল দৈনিক ৩ বার অথবা চিকিৎসকের পরামর্শ আনুযায়ী সেব্য।', '', 37),
(30, 'লেডিকা', 'Ledica', 'ব্ল্যাক কোহস ৪০ মিগ্রা ', '৫ x ৬', 'প্রতি বক্স ১২০.০০', 100, 'প্রতি ক্যাপসুল ৪.০০', 8, 'মেনোপোজাল সিনড্রোম (রজোনিবৃত্তিকালীন উপসর্গ) যেমন- জ্বালা-পোড়া, অতিরিক্ত ঘর্ম নিঃসরণ, অনিদ্রা, বিষণ্ণতা, অযথা উত্তেজনা, ব্যাক্তিত্বহীনতা এবং রজস্রাবের পূর্বে সৃষ্ট সমস্যা,অনিয়মিত ঋতুস্রাব, কষ্টকর ঋতুস', ' ১ ক্যাপসুল দৈনিক ২ বার অথবা চিকিৎসকের পরামর্শ আনুযায়ী সেব্য।', '', 37),
(31, 'লিনা', 'Lina', 'স্পিরুলিনা ২৫০ মিগ্রা', '৫ x ৬', 'প্রতি বক্স ১৫০.০০', 100, 'প্রতি ক্যাপসুল ৫.০০', 8, 'অপুষ্টি, সাধারন দুর্বলতা, রোগ প্রতিরোধ ক্ষমতা হ্রাস, রক্ত স্বল্পতা, অ্যান্টিবায়টিক সেবন জনিত অসুস্থতা, মাতৃদুগ্ধ নিঃস্বরন, হ্রাস, কোলেস্টেরলের মাত্রা বৃদ্ধি, স্থুলতা, অকাল বার্ধক্য, চর্ম রোগ।', '২ ক্যাপসুল দৈনিক ২-৩ বার অথবা চিকিৎসকের পরামর্শ আনুযায়ী সেব্য।', '', 37),
(32, 'নিমুলেন্ট', 'Nimulant', 'একিনাসি ৪৫০ মিগ্রা', '৫ x ৬', 'প্রতি বক্স ১৮০.০০', 100, 'প্রতি ক্যাপসুল ৬.০০', 8, 'রোগ প্রতিরোধ ক্ষমতা হ্রাস,সাইনুসাইটিস, সর্দি, কাশি, জ্বর, শ্বসনতন্ত্রের উপরি অংশের প্রদাহ ও সংক্রামণ, মূত্রনালির প্রদাহ এবং সংক্রামণ।', '১-২ ক্যাপসুল দৈনিক ২ বার অথবা চিকিৎসকের পরামর্শ আনুযায়ী সেব্য।', '', 37),
(33, 'পামেট', 'Palmet', 'স\'পামেটো ১৬০ মিগ্রা', '৫ x ৬', 'প্রতি বক্স ২১০.০০', 100, 'প্রতি ক্যাপসুল ৭.০০', 8, 'প্রস্টেট গ্রন্থির প্রদাহ, প্রস্টেট গ্রন্থির আতি বৃদ্ধি (বিনাইন প্রস্টেটিক হাইপারপ্লাসিয়া), মুত্রস্বল্পতা, প্রস্রাবকালীন ব্যথা, মুত্র বদ্ধতা, রাতে বার বার প্রস্রাব, শয্যায় মূত্র ত্যাগ, মুত্রনালীর সংক্র', '১ ক্যাপসুল দৈনিক ২ বার অথবা চিকিৎসকের পরামর্শ আনুযায়ী সেব্য।', '', 37),
(34, 'সিনকারা', 'Cinkara', 'সিনকারা', '৬ চা চামচ দৈনিক ২ বার', '১৫০.০০', 100, '৪৫০ মিলি', 9, 'অপুষ্টি,সাধারন দুর্বলতা, স্নায়বিক দুর্বলতা,স্মৃতি শক্তি হ্রাস, গর্ভ কালীন রক্ত স্বল্পতা,লিভারের গোলযোগ,ক্ষুধামান্দ্য, ভিটামিন ও খনিজ উপাদানের ঘাটতি, রোগ পরবর্তি দুর্বলতা।', 'প্রাপ্ত বয়স্কঃ ৬ চা চামচ দৈনিক ২ বার,\r\nঅপ্রাপ্ত বয়স্কঃ ২ চা চামচ দৈনিক ২ বার অথবা চিকিৎসকের পরামর্শ আনুযায়ী সেব্য।  ', '', 38),
(35, 'কারমিনা', 'Carmina', 'কারমিনা', '২ চা চামচ দৈনিক ২-৩ বার', '৪৫০ মিলি ১০০.০০', 100, '২২৫ মিলি ৬০.০০, ১০০ মিলি ৩৫.০০', 9, 'বদ হজম, পেটফাঁপা, অজীর্ণ, ক্ষুধামান্দ্য, বায়ু জনিত পেট ব্যাথা, অম্লাধিক্য, কোস্টকাঠিন্য, লিভারের দুর্বলতা, বমি-বমি ভাব, চুকা ঢেকুর, বুক জ্বালা-পোড়া। ', 'প্রাপ্ত বয়স্কঃ ২ চা চামচ দৈনিক ২-৩ বার, অপ্রাপ্ত বয়স্কঃ ১ চা চামচ দৈনিক ২-৩ বার আহারের পূর্বে অথবা চিকিৎসকের পরামর্শ আনুযায়ী সেব্য। ', '', 38),
(36, 'কারমিনা', 'Carmina', 'কারমিনা', '১-২ ট্যাবলেট দৈনিক ২-৩ বার', '৬০ ট্যাবলেট  ৭০.০০', 100, 'প্রতি ট্যাবলেট ০১.১৭', 10, 'বদ হজম, পেটফাঁপা, অজীর্ণ, ক্ষুধামান্দ্য, বায়ু জনিত পেট ব্যাথা, অম্লাধিক্য, কোস্টকাঠিন্য, লিভারের দুর্বলতা, বমি-বমি ভাব, চুকা ঢেকুর, বুক জ্বালা-পোড়া। ', 'প্রাপ্ত বয়স্কঃ 1-২ ট্যাবলেট দৈনিক ২-৩ বার, অপ্রাপ্ত বয়স্কঃ ১/২-১ ট্যাবলেট  দৈনিক ২-৩ বার আহারের পূর্বে অথবা চিকিৎসকের পরামর্শ আনুযায়ী সেব্য। ', '', 38),
(37, 'ছাফী', 'Safi', 'ছাফী', '২ চা চামচ দৈনিক ১ বার', '৪৫০ মিলি ১০০.০০', 100, '২২৫ মিলি ৬০.০০, ১০০ মিলি ৩৫.০০', 9, 'রক্ত দূষণ, ব্রন, ফুসকুড়ি, ফোড়া, ত্বকের জ্বালা-পোড়া, চুলকানি, কোষ্ঠ কাঠিন্য, নাক দিয়ে রক্ত ক্ষরণ, হাম, প্রস্রাবকালীন জ্বালা-পোড়া, রোগ প্রতিরোধ ক্ষমতা হ্রাস, অতিরিক্ত কোলেস্টেরল। ', 'প্রাপ্ত বয়স্কঃ ২ চা চামচ দৈনিক ১ বার, অপ্রাপ্ত বয়স্কঃ ১/২-১ চা চামচ দৈনিক ১ বার আহারের পূর্বে অথবা চিকিৎসকের পরামর্শ আনুযায়ী সেব্য। ', '', 38),
(39, 'ইকটার্ন', 'Icturn', 'দিনার', '২-৩ চা চামচ দৈনিক ২ বার', '৪৫০ মিলি ১২০.০০', 100, '২২৫ মিলি ৭৫.০০, ১০০ মিলি ৪৫.০০', 9, 'জন্ডিস, হেপাটাইটিস, শোথ, কোষ্ঠকাঠিন্য। ', 'প্রাপ্ত বয়স্কঃ ২-৩ চা চামচ দৈনিক ২ বার, অপ্রাপ্ত বয়স্কঃ ১/২ - ১ চা চামচ দৈনিক ২ বার আহারের পর অথবা চিকিৎসকের পরামর্শ আনুযায়ী সেব্য। ', '', 38),
(40, 'ট্রাইগন', 'Trigone', 'আম্বরী', '২ x ৪', 'প্রতি বক্স ৪৫০.০০', 100, 'প্রতি ক্যাপসুল ৫৬.২৫', 8, 'দেহের প্রধান অঙ্গ সমূহের দুর্বলতা, সাধারন দুর্বলতা, স্নায়বিক দুর্বলতা, যৌন দুর্বলতা, মুখের দুর্গন্ধ। ', '১ ক্যাপসুল দৈনিক ২ বার অথবা চিকিৎসকের পরামর্শ আনুযায়ী সেব্য।', '', 38),
(41, 'ফ্রোডেক্স ', 'Frodex', 'আম্বর মমিয়ায়ী ', '২ x ১০', 'প্রতি বক্স ৬৫০.০০', 100, 'প্রতি ট্যাবলেট ৩২.৫০', 10, 'দেহের প্রধান অঙ্গ সমূহের দুর্বলতা, স্নায়বিক দুর্বলতা, যৌন দুর্বলতা, লিঙ্গথান জনিত সমস্যা, যৌনাকাঙ্ক্ষা হ্রাস, শুক্রাণুর সংখ্যা হ্রাস। ', '১ ট্যাবলেট দৈনিক ২ বার দুধ সহ, অথবা চিকিৎসকের পরামর্শ আনুযায়ী সেব্য। ', '', 38),
(42, 'এনডিউরেক্স', 'Endurex', 'মুমসিক', '৫ x ৪', 'প্রতি বক্স ১০০০.০০', 100, 'প্রতি ক্যাপসুল ৫০.০০', 8, 'সাধারন দুর্বলতা,অসময়ে বীর্যপাত, শুক্রাণুর সংখ্যা হ্রাস, সঙ্গম পরবর্তী অসাড়তা ও দুর্বলতা, পক্ষাঘাত, মুখের পক্ষাঘাত, অনুভুতি হীনতা। ', '২ ক্যাপসুল দৈনিক ১-২ বার অথবা চিকিৎসকের পরামর্শ আনুযায়ী সেব্য।', '', 38),
(43, 'মাসুখ', 'Masukh', 'ছুদা', '৫ x ৬', 'প্রতি বক্স ২১০.০০', 210, 'প্রতি ক্যাপসুল ৭.০০', 8, 'মাথাব্যাথা, অর্ধ-মাথাব্যথা (মাইগ্রেন) ও পেট ফাঁপা। ', '২ ক্যাপসুল দৈনিক ২ বার অথবা চিকিৎসকের পরামর্শ আনুযায়ী সেব্য।', '', 38),
(45, 'নওনেহাল ', 'Naunehal', 'নওনেহাল ', '৬ মাস বয়স পর্যন্তঃ ১/২ চা চামচ দৈনিক ৩-৪ বার', '১০০ মিলি ৪০.০০', 100, '১০০ মিলি ৪০.০০', 9, 'অপুষ্টি, সাধারণ দুর্বলতা, তলপেটের অস্বস্তি, পেটের তীব্র ব্যথা, বদহজম, পেট ফাঁপা, ডায়রিয়া, বমি ও বমি-বমি ভাব।', '৬ মাস বয়স পর্যন্তঃ ১/২ চা চামচ; ৬ মাস থেকে ১ বৎসর বয়স পর্যন্ত; ১ চা চামচ, ১ বৎসর ও তদুর্ধ্ব বয়স পর্যন্তঃ ১-২ চা চামচ, দৈনিক ৩-৪ বার অথবা চিকিৎসকের পরামর্শ আনুযায়ী সেব্য।\r\n', '', 38),
(46, 'মাস্তুরিন', 'Masturin', 'মাস্তুরিন', ' ', '৪৫০ মিলি ১২০.০০', 100, '২২৫ মিলি ৭০.০০, ১০০ মিলি ৪৫.০০', 9, 'অনিয়মিত ঋতুস্রাব, ব্যাথাযুক্ত ঋতুস্রাব, ঋতুবদ্ধতা, শ্বেত প্রদর, জরায়ুর প্রদাহ, রক্তস্বল্পতা।\r\n', 'অনিয়মিত ও কষ্টকর ঋতুস্রাবঃ ঋতুস্রাবের পূর্ববর্তী ১০ দিন ২ চা চামচ; ঋতুবদ্ধতা ও শ্বেত প্রদরঃ  ২ চা চামচ, রক্তস্বল্পতাঃ ২ চা চামচ; জরায়ুর প্রদাহঃ ২ চা চামচ ঈষদুষ্ণ পানির সাথে মিশিয়ে প্রতি রাতে সেব্য। রগ', '', 38),
(47, 'নিশাত', 'Nishat', 'নিশাত', '৫ x ১০', 'প্রতি বক্স ৯০০.০০', 100, 'প্রতি ক্যাপসুল ১৮.০০', 10, 'যৌন দুর্বলতা, যৌনাকাঙ্ক্ষা হ্রাস, দ্রুত বীর্যঙ্খলন, স্নায়ু দুর্বলতা, সাধারণ দুর্বলতা, অবসাদ, প্রমেহ। ', '১-২ ট্যাবলেট সহবাসের ২ ঘণ্টা পুর্বে দুধসহ অথবা চিকিৎসকের পরামর্শ আনুযায়ী সেব্য। ', '', 38),
(48, 'লিবিডেক্স', 'Libidex', 'নিশাত', '৫ x ৪', 'প্রতি বক্স ৫০০.০০', 100, 'প্রতি ক্যাপসুল ২৫.০০', 8, 'যৌনাকাঙ্ক্ষা হ্রাস, অসময়ে বীর্যপাত, শারীরিক ও মানসিক ক্লান্তি।', '১-২ ক্যাপসুল সহবাসের ২ ঘণ্টা পুর্বে অথবা চিকিৎসকের পরামর্শ আনুযায়ী সেব্য।', '', 38),
(49, 'সেনচুরিন', 'Centurin', 'পেনিট্যাব', '৫ x ১০', 'প্রতি বক্স ১৮০.০০', 100, 'প্রতি ক্যাপসুল ৩.৬০', 8, 'মস্তিষ্কের কর্ম ক্ষমতা হ্রাস, স্মৃতি শক্তি হ্রাস, অ্যালজাইমরস ডিজিজ (ভুলে যাওয়া), ডিমেনশিয়া (বুদ্ধিবৃত্তিক কর্মহীনতা), চর্ম রোগ, বার্ধক্য জনিত অসুস্থতা, পারকিন্সন্স সিনড্রোম, শিরার অকার্যকারিতা। ', '১-২ ক্যাপসুল দৈনিক ২ বার অথবা চিকিৎসকের পরামর্শ আনুযায়ী সেব্য।', '', 38),
(50, 'সিনকারা', 'Cinkara', 'সিনকারা', '৬ চা চামচ দৈনিক ২ বার', '৪৫০ মিলি ১৫০.০০, ২২৫ মিলি ', 100, '১০০ মিলি ৪৫.০০', 9, 'অপুষ্টি,সাধারন দুর্বলতা, স্নায়বিক দুর্বলতা,স্মৃতি শক্তি হ্রাস, গর্ভ কালীন রক্ত স্বল্পতা,লিভারের গোলযোগ,ক্ষুধামান্দ্য, ভিটামিন ও খনিজ উপাদানের ঘাটতি, রোগ পরবর্তি দুর্বলতা।', 'প্রাপ্ত বয়স্কঃ ৬ চা চামচ দৈনিক ২ বার,\r\nঅপ্রাপ্ত বয়স্কঃ ২ চা চামচ দৈনিক ২ বার অথবা চিকিৎসকের পরামর্শ আনুযায়ী সেব্য।  ', '', 38),
(51, 'অ্যালকুলী ', 'Alkuli', 'বুজুরী', '২-৪ চা চামচ দৈনিক ২-৪ বার', '১০০.০০', 100, '৪৫০ মিলি', 9, 'জ্বর, মূত্রবদ্ধতা, মূত্রস্বল্পতা, ঋতুবদ্ধতা, মূত্রনালীর সংক্রামণ, জন্ডিস।   ', 'প্রাপ্ত বয়স্কঃ ২-৪ চা চামচ দৈনিক ২-৪ বার, অপ্রাপ্ত বয়স্কঃ ১-২ চা চামচ দৈনিক ২-৪ বার আহারের পূর্বে অথবা চিকিৎসকের পরামর্শ আনুযায়ী সেব্য।', '', 38),
(53, 'এলভাসিন', 'Alvasin', 'এযাজ', '২-৫ চা চামচ দৈনিক ২ বার', '৫৫.০০', 100, '১০০ মিলি ', 9, 'সকল প্রকার কাশি, সর্দি, টনসিলের প্রদাহ, স্বর ভঙ্গ, কন্ঠনালীর প্রদাহ, ব্রংকাইটিস (ব্রংকাসের প্রদাহ),ব্রঙ্কিয়াল অ্যাজমা, বুকে কফ জমা, ইনফ্লুয়েঞ্জা।', 'প্রাপ্ত বয়স্কঃ ২-৫ চা চামচ দৈনিক ২ বার, অপ্রাপ্ত বয়স্কঃ ১-২ চা চামচ দৈনিক ২ বার অথবা চিকিৎসকের পরামর্শ আনুযায়ী সেব্য।', '', 38),
(63, 'অ্যালকুলী ', 'Alkuli', 'বুজুরী', '২-৪ চা চামচ দৈনিক ২-৪ বার', '৬০.০০', 100, ' ২২৫ মিলি', 9, 'জ্বর, মূত্রবদ্ধতা, মূত্রস্বল্পতা, ঋতুবদ্ধতা, মূত্রনালীর সংক্রামণ, জন্ডিস।   ', 'প্রাপ্ত বয়স্কঃ ২-৪ চা চামচ দৈনিক ২-৪ বার, অপ্রাপ্ত বয়স্কঃ ১-২ চা চামচ দৈনিক ২-৪ বার আহারের পূর্বে অথবা চিকিৎসকের পরামর্শ আনুযায়ী সেব্য।', '', 38),
(67, 'সুরবিন ', 'Surobin', 'সুরঞ্জান', '২-৪ চা চামচ দৈনিক ২-৪ বার', '৩৫.০০', 100, '১০০ মিলি ', 10, 'জ্বর, মূত্রবদ্ধতা, মূত্রস্বল্পতা, ঋতুবদ্ধতা, মূত্রনালীর সংক্রামণ, জন্ডিস।   ', 'প্রাপ্ত বয়স্কঃ ২-৪ চা চামচ দৈনিক ২-৪ বার, অপ্রাপ্ত বয়স্কঃ ১-২ চা চামচ দৈনিক ২-৪ বার আহারের পূর্বে অথবা চিকিৎসকের পরামর্শ আনুযায়ী সেব্য।', '', 38),
(68, 'অরেঞ্জিন', 'Orangin', 'সানতারা', '৫ x ১০', '১৪০.০০', 140, '৪৫০ মিলি', 9, 'জ্বর, ব্যাথা, ফোলা ও প্রদাহ, পিত্ত প্রকোপ, মূত্রকৃচ্ছতা, পিপাসাধিক্য, বিষণ্ণতা, অজীর্নতা, বদহজম ও অস্থিরতা, ', '২-৪ চা চামচ দৈনিক ২-৩ বার অথবা চিকিৎসকের পরামর্শ আনুযায়ী সেব্য।', '', 38),
(69, 'সুভিট', 'Suvit', 'হায়াতীন মুরাক্কাব ', '৩০', 'প্রতি বক্স ২৪০.০০', 240, 'প্রতি ট্যাবলেট ৮.০০', 10, 'সাধারন দুর্বলতা, স্নায়বিক দুর্বলতা, মানসিক অবসাদ, হৃদকম্পন, বিভিন্ন ভিতামিনের অভাবজনিত রোগব্যাধি, রোগ মুক্তির সময়, অপারেশন পরবর্তী দুর্বলতা, গর্ভকালীন দুর্বলতা ও পরিশ্রম সাধ্য ব্যায়াম। \r\n', '১ ট্যাবলেট  দৈনিক ১ বার অথবা চিকিৎসকের পরামর্শ আনুযায়ী সেব্য।', '', 38),
(70, 'নিউটোন', 'Neutone', 'মুনই্‌শ', '২ x ৪', 'প্রতি বক্স ৬০০', 600, 'প্রতি ট্যাবলেট ৭৫.০০', 10, 'যৌন শিথিলতা,  দ্রুত বীর্যঙ্খলন ও স্নায়বিক দুর্বলতা। ', '১-২ ট্যাবলেট দৈনিক ২-৩ বার অথবা চিকিৎসকের পরামর্শ আনুযায়ী সেব্য।', '', 38),
(71, 'অ্যালকুলী ', 'Mashukh', 'বুজুরী', '২-৪ চা চামচ দৈনিক ২-৪ বার', '১০০.০০', 100, '৪৫০ মিলি', 9, 'জ্বর, মূত্রবদ্ধতা, মূত্রস্বল্পতা, ঋতুবদ্ধতা, মূত্রনালীর সংক্রামণ, জন্ডিস।   ', 'প্রাপ্ত বয়স্কঃ ২-৪ চা চামচ দৈনিক ২-৪ বার, অপ্রাপ্ত বয়স্কঃ ১-২ চা চামচ দৈনিক ২-৪ বার আহারের পূর্বে অথবা চিকিৎসকের পরামর্শ আনুযায়ী সেব্য।', '', 38),
(72, 'জিনসেন্ট', 'Jinsant', 'জিনসিন', '২-৪ চা চামচ দৈনিক ২-৪ বার', '২৪০', 240, '৪৫০ মিলি', 9, 'সাধারণ দুর্বলতা, স্নায়বিক দুর্বলতা, যৌন দুর্বলতা, অকাল বার্ধক্য, রক্ত স্বল্পতা, অবসাদ, রোগ প্রতিরোধ ক্ষমতা হ্রাস, বার্ধক্যজনিত অসুস্থতা।', '২-৪ চা চামচ দৈনিক ২ বার অথবা চিকিৎসকের পরামর্শ আনুযায়ী সেব্য।', '', 38),
(73, 'হলার‍্যান্ট', 'Holarant', 'কুড়চি', '২-৪ চা চামচ দৈনিক ২-৪ বার', '১১০.০০', 110, '২২৫ মিলি', 9, 'আমাশয়, রক্ত আমাশয়, রক্ত অর্শ ও অন্ত্রের ক্ষত নিরাময়ে কার্যকারী।', 'প্রাপ্ত বয়স্কঃ ২-৪ চা চামচ দৈনিক ২-৩ বার, অপ্রাপ্ত বয়স্কঃ ১-২ চা চামচ দৈনিক ২-৩ বার  অথবা চিকিৎসকের পরামর্শ আনুযায়ী সেব্য।', '', 38),
(74, 'জিগারীন', 'Jigarine', 'জিগারীন', '৫ x ৬', 'প্রতি বক্স ২৪০.০০', 240, 'প্রতি ক্যাপসুল ৮.০০', 8, 'লিভারের বৃদ্ধি ও দুর্বলতা, লিভারের প্রদাহ, লিভারের প্রদাহজনিত জন্ডিস ও শোথ। ', '২ ক্যাপসুল দৈনিক ২ বার অথবা চিকিৎসকের পরামর্শ আনুযায়ী সেব্য।', '', 38),
(76, 'ক্যালরিপ', 'Calrip', 'মারওয়ারীদী', '২-৪ চা চামচ দৈনিক ২-৪ বার', '৬০.০০', 100, ' ২২৫ মিলি', 10, 'জ্বর, মূত্রবদ্ধতা, মূত্রস্বল্পতা, ঋতুবদ্ধতা, মূত্রনালীর সংক্রামণ, জন্ডিস।   ', 'প্রাপ্ত বয়স্কঃ ২-৪ চা চামচ দৈনিক ২-৪ বার, অপ্রাপ্ত বয়স্কঃ ১-২ চা চামচ দৈনিক ২-৪ বার আহারের পূর্বে অথবা চিকিৎসকের পরামর্শ আনুযায়ী সেব্য।', '', 38),
(77, 'Marbelus ', 'Marbelus', 'বেলগিরী ', '২-৪ চা চামচ দৈনিক ২-৪ বার', '৩৫.০০', 100, '১০০ মিলি ', 10, 'জ্বর, মূত্রবদ্ধতা, মূত্রস্বল্পতা, ঋতুবদ্ধতা, মূত্রনালীর সংক্রামণ, জন্ডিস।   ', 'প্রাপ্ত বয়স্কঃ ২-৪ চা চামচ দৈনিক ২-৪ বার, অপ্রাপ্ত বয়স্কঃ ১-২ চা চামচ দৈনিক ২-৪ বার আহারের পূর্বে অথবা চিকিৎসকের পরামর্শ আনুযায়ী সেব্য।', '', 38),
(78, 'সেলভিন', 'Selvin', 'সালাজীত', '২-৪ চা চামচ দৈনিক ২-৪ বার', '৩৫.০০', 100, '১০০ মিলি ', 10, 'জ্বর, মূত্রবদ্ধতা, মূত্রস্বল্পতা, ঋতুবদ্ধতা, মূত্রনালীর সংক্রামণ, জন্ডিস।   ', 'প্রাপ্ত বয়স্কঃ ২-৪ চা চামচ দৈনিক ২-৪ বার, অপ্রাপ্ত বয়স্কঃ ১-২ চা চামচ দৈনিক ২-৪ বার আহারের পূর্বে অথবা চিকিৎসকের পরামর্শ আনুযায়ী সেব্য।', '', 38),
(79, 'সূজার্রন', 'Suzarn', 'সূযাক', '২-৪ চা চামচ দৈনিক ২-৪ বার', '৩৫.০০', 100, '১০০ মিলি ', 10, 'জ্বর, মূত্রবদ্ধতা, মূত্রস্বল্পতা, ঋতুবদ্ধতা, মূত্রনালীর সংক্রামণ, জন্ডিস।   ', 'প্রাপ্ত বয়স্কঃ ২-৪ চা চামচ দৈনিক ২-৪ বার, অপ্রাপ্ত বয়স্কঃ ১-২ চা চামচ দৈনিক ২-৪ বার আহারের পূর্বে অথবা চিকিৎসকের পরামর্শ আনুযায়ী সেব্য।', '', 38),
(80, 'ডিসনি', 'Dysni', 'পেচীস', '২-৪ চা চামচ দৈনিক ২-৪ বার', '৩৫.০০', 100, '১০০ মিলি ', 10, 'জ্বর, মূত্রবদ্ধতা, মূত্রস্বল্পতা, ঋতুবদ্ধতা, মূত্রনালীর সংক্রামণ, জন্ডিস।   ', 'প্রাপ্ত বয়স্কঃ ২-৪ চা চামচ দৈনিক ২-৪ বার, অপ্রাপ্ত বয়স্কঃ ১-২ চা চামচ দৈনিক ২-৪ বার আহারের পূর্বে অথবা চিকিৎসকের পরামর্শ আনুযায়ী সেব্য।', '', 38),
(81, 'ইস্পগুল', 'Ispaghol', 'ইস্পগুল', '২-৪ চা চামচ দৈনিক ২-৪ বার', '৩৫.০০', 100, '১০০ মিলি ', 11, 'জ্বর, মূত্রবদ্ধতা, মূত্রস্বল্পতা, ঋতুবদ্ধতা, মূত্রনালীর সংক্রামণ, জন্ডিস।   ', 'প্রাপ্ত বয়স্কঃ ২-৪ চা চামচ দৈনিক ২-৪ বার, অপ্রাপ্ত বয়স্কঃ ১-২ চা চামচ দৈনিক ২-৪ বার আহারের পূর্বে অথবা চিকিৎসকের পরামর্শ আনুযায়ী সেব্য।', '', 38),
(82, 'দোলাবী', 'Dolabi', 'দোলাবী', '২-৪ চা চামচ দৈনিক ২-৪ বার', '৩৫.০০', 100, '১০০ মিলি ', 10, 'জ্বর, মূত্রবদ্ধতা, মূত্রস্বল্পতা, ঋতুবদ্ধতা, মূত্রনালীর সংক্রামণ, জন্ডিস।   ', 'প্রাপ্ত বয়স্কঃ ২-৪ চা চামচ দৈনিক ২-৪ বার, অপ্রাপ্ত বয়স্কঃ ১-২ চা চামচ দৈনিক ২-৪ বার আহারের পূর্বে অথবা চিকিৎসকের পরামর্শ আনুযায়ী সেব্য।', '', 38),
(83, 'জোসিনা', 'Joshina', 'জোসিনা', '২-৪ চা চামচ দৈনিক ২-৪ বার', '৩৫.০০', 100, '১০০ মিলি ', 11, 'জ্বর, মূত্রবদ্ধতা, মূত্রস্বল্পতা, ঋতুবদ্ধতা, মূত্রনালীর সংক্রামণ, জন্ডিস।   ', 'প্রাপ্ত বয়স্কঃ ২-৪ চা চামচ দৈনিক ২-৪ বার, অপ্রাপ্ত বয়স্কঃ ১-২ চা চামচ দৈনিক ২-৪ বার আহারের পূর্বে অথবা চিকিৎসকের পরামর্শ আনুযায়ী সেব্য।', '', 38),
(84, 'জারনাইড', 'Jernide', 'জারনাইড', '২-৪ চা চামচ দৈনিক ২-৪ বার', '৩৫.০০', 100, '১০০ মিলি ', 9, 'জ্বর, মূত্রবদ্ধতা, মূত্রস্বল্পতা, ঋতুবদ্ধতা, মূত্রনালীর সংক্রামণ, জন্ডিস।   ', 'প্রাপ্ত বয়স্কঃ ২-৪ চা চামচ দৈনিক ২-৪ বার, অপ্রাপ্ত বয়স্কঃ ১-২ চা চামচ দৈনিক ২-৪ বার আহারের পূর্বে অথবা চিকিৎসকের পরামর্শ আনুযায়ী সেব্য।', '', 38),
(85, 'হারামিন', 'Hermin', 'রেহমিন', '২-৪ চা চামচ দৈনিক ২-৪ বার', '৩৫.০০', 100, '১০০ মিলি ', 10, 'জ্বর, মূত্রবদ্ধতা, মূত্রস্বল্পতা, ঋতুবদ্ধতা, মূত্রনালীর সংক্রামণ, জন্ডিস।   ', 'প্রাপ্ত বয়স্কঃ ২-৪ চা চামচ দৈনিক ২-৪ বার, অপ্রাপ্ত বয়স্কঃ ১-২ চা চামচ দৈনিক ২-৪ বার আহারের পূর্বে অথবা চিকিৎসকের পরামর্শ আনুযায়ী সেব্য।', '', 38),
(86, 'ইনস্পার্ম ', 'Insperm', 'এস্পন্দ', '২-৪ চা চামচ দৈনিক ২-৪ বার', '৩৫.০০', 100, '১০০ মিলি ', 10, 'জ্বর, মূত্রবদ্ধতা, মূত্রস্বল্পতা, ঋতুবদ্ধতা, মূত্রনালীর সংক্রামণ, জন্ডিস।   ', 'প্রাপ্ত বয়স্কঃ ২-৪ চা চামচ দৈনিক ২-৪ বার, অপ্রাপ্ত বয়স্কঃ ১-২ চা চামচ দৈনিক ২-৪ বার আহারের পূর্বে অথবা চিকিৎসকের পরামর্শ আনুযায়ী সেব্য।', '', 38),
(87, 'টোনাল্যাক্স ', 'Tonalax', ' মুলাইয়েন', '২-৪ চা চামচ দৈনিক ২-৪ বার', '৩৫.০০', 100, '১০০ মিলি ', 10, 'জ্বর, মূত্রবদ্ধতা, মূত্রস্বল্পতা, ঋতুবদ্ধতা, মূত্রনালীর সংক্রামণ, জন্ডিস।   ', 'প্রাপ্ত বয়স্কঃ ২-৪ চা চামচ দৈনিক ২-৪ বার, অপ্রাপ্ত বয়স্কঃ ১-২ চা চামচ দৈনিক ২-৪ বার আহারের পূর্বে অথবা চিকিৎসকের পরামর্শ আনুযায়ী সেব্য।', '', 38),
(88, 'নারভেন্ট ', 'Nervent', 'জদওয়ার ', '২-৪ চা চামচ দৈনিক ২-৪ বার', '৩৫.০০', 100, '১০০ মিলি ', 10, 'জ্বর, মূত্রবদ্ধতা, মূত্রস্বল্পতা, ঋতুবদ্ধতা, মূত্রনালীর সংক্রামণ, জন্ডিস।   ', 'প্রাপ্ত বয়স্কঃ ২-৪ চা চামচ দৈনিক ২-৪ বার, অপ্রাপ্ত বয়স্কঃ ১-২ চা চামচ দৈনিক ২-৪ বার আহারের পূর্বে অথবা চিকিৎসকের পরামর্শ আনুযায়ী সেব্য।', '', 38),
(89, 'হ্যানরয়েড- বি ', 'Hanrhoid-B', 'বাওয়াসীর দম্ভী', '২-৪ চা চামচ দৈনিক ২-৪ বার', '৩৫.০০', 100, '১০০ মিলি ', 10, 'জ্বর, মূত্রবদ্ধতা, মূত্রস্বল্পতা, ঋতুবদ্ধতা, মূত্রনালীর সংক্রামণ, জন্ডিস।   ', 'প্রাপ্ত বয়স্কঃ ২-৪ চা চামচ দৈনিক ২-৪ বার, অপ্রাপ্ত বয়স্কঃ ১-২ চা চামচ দৈনিক ২-৪ বার আহারের পূর্বে অথবা চিকিৎসকের পরামর্শ আনুযায়ী সেব্য।', '', 38),
(90, 'হ্যানরয়েড  ', 'Hanrhoid', 'বাওয়াসীর বাদী ', '২-৪ চা চামচ দৈনিক ২-৪ বার', '৩৫.০০', 100, '১০০ মিলি ', 10, 'জ্বর, মূত্রবদ্ধতা, মূত্রস্বল্পতা, ঋতুবদ্ধতা, মূত্রনালীর সংক্রামণ, জন্ডিস।   ', 'প্রাপ্ত বয়স্কঃ ২-৪ চা চামচ দৈনিক ২-৪ বার, অপ্রাপ্ত বয়স্কঃ ১-২ চা চামচ দৈনিক ২-৪ বার আহারের পূর্বে অথবা চিকিৎসকের পরামর্শ আনুযায়ী সেব্য।', '', 38),
(91, 'স্পার্মাটিন', 'Spermatin', 'কুশতা কলয়ী', '২-৪ চা চামচ দৈনিক ২-৪ বার', '৩৫.০০', 100, '১০০ মিলি ', 10, 'জ্বর, মূত্রবদ্ধতা, মূত্রস্বল্পতা, ঋতুবদ্ধতা, মূত্রনালীর সংক্রামণ, জন্ডিস।   ', 'প্রাপ্ত বয়স্কঃ ২-৪ চা চামচ দৈনিক ২-৪ বার, অপ্রাপ্ত বয়স্কঃ ১-২ চা চামচ দৈনিক ২-৪ বার আহারের পূর্বে অথবা চিকিৎসকের পরামর্শ আনুযায়ী সেব্য।', '', 38),
(92, 'হেল্যাক্স ', 'Helax', 'তিনকার', '২-৪ চা চামচ দৈনিক ২-৪ বার', '৩৫.০০', 100, '১০০ মিলি ', 10, 'জ্বর, মূত্রবদ্ধতা, মূত্রস্বল্পতা, ঋতুবদ্ধতা, মূত্রনালীর সংক্রামণ, জন্ডিস।   ', 'প্রাপ্ত বয়স্কঃ ২-৪ চা চামচ দৈনিক ২-৪ বার, অপ্রাপ্ত বয়স্কঃ ১-২ চা চামচ দৈনিক ২-৪ বার আহারের পূর্বে অথবা চিকিৎসকের পরামর্শ আনুযায়ী সেব্য।', '', 38),
(93, 'রসনাম ', 'Rosnum', 'আযারাকী', '২-৪ চা চামচ দৈনিক ২-৪ বার', '৩৫.০০', 100, '১০০ মিলি ', 10, 'জ্বর, মূত্রবদ্ধতা, মূত্রস্বল্পতা, ঋতুবদ্ধতা, মূত্রনালীর সংক্রামণ, জন্ডিস।   ', 'প্রাপ্ত বয়স্কঃ ২-৪ চা চামচ দৈনিক ২-৪ বার, অপ্রাপ্ত বয়স্কঃ ১-২ চা চামচ দৈনিক ২-৪ বার আহারের পূর্বে অথবা চিকিৎসকের পরামর্শ আনুযায়ী সেব্য।', '', 38),
(94, 'নরমাটেনসিন', 'Normatensin', 'ফিশার', '২-৪ চা চামচ দৈনিক ২-৪ বার', '৩৫.০০', 100, '১০০ মিলি ', 10, 'জ্বর, মূত্রবদ্ধতা, মূত্রস্বল্পতা, ঋতুবদ্ধতা, মূত্রনালীর সংক্রামণ, জন্ডিস।   ', 'প্রাপ্ত বয়স্কঃ ২-৪ চা চামচ দৈনিক ২-৪ বার, অপ্রাপ্ত বয়স্কঃ ১-২ চা চামচ দৈনিক ২-৪ বার আহারের পূর্বে অথবা চিকিৎসকের পরামর্শ আনুযায়ী সেব্য।', '', 38),
(95, 'হেপালজিন  ', 'Hepalgin', 'কেবেদ নৌশাদরী ', '২-৪ চা চামচ দৈনিক ২-৪ বার', '৩৫.০০', 100, '১০০ মিলি ', 10, 'জ্বর, মূত্রবদ্ধতা, মূত্রস্বল্পতা, ঋতুবদ্ধতা, মূত্রনালীর সংক্রামণ, জন্ডিস।   ', 'প্রাপ্ত বয়স্কঃ ২-৪ চা চামচ দৈনিক ২-৪ বার, অপ্রাপ্ত বয়স্কঃ ১-২ চা চামচ দৈনিক ২-৪ বার আহারের পূর্বে অথবা চিকিৎসকের পরামর্শ আনুযায়ী সেব্য।', '', 38),
(96, 'রেদিদ', 'Redid', 'রুবার্ব', '২-৪ চা চামচ দৈনিক ২-৪ বার', '৩৫.০০', 100, '১০০ মিলি ', 10, 'জ্বর, মূত্রবদ্ধতা, মূত্রস্বল্পতা, ঋতুবদ্ধতা, মূত্রনালীর সংক্রামণ, জন্ডিস।   ', 'প্রাপ্ত বয়স্কঃ ২-৪ চা চামচ দৈনিক ২-৪ বার, অপ্রাপ্ত বয়স্কঃ ১-২ চা চামচ দৈনিক ২-৪ বার আহারের পূর্বে অথবা চিকিৎসকের পরামর্শ আনুযায়ী সেব্য।', '', 38),
(97, 'সুপাত', 'Suput', 'সুসী', '২-৪ চা চামচ দৈনিক ২-৪ বার', '৩৫.০০', 100, '১০০ মিলি ', 8, 'জ্বর, মূত্রবদ্ধতা, মূত্রস্বল্পতা, ঋতুবদ্ধতা, মূত্রনালীর সংক্রামণ, জন্ডিস।   ', 'প্রাপ্ত বয়স্কঃ ২-৪ চা চামচ দৈনিক ২-৪ বার, অপ্রাপ্ত বয়স্কঃ ১-২ চা চামচ দৈনিক ২-৪ বার আহারের পূর্বে অথবা চিকিৎসকের পরামর্শ আনুযায়ী সেব্য।', '', 38),
(98, 'ফেভিনিল ', 'Fevnil', 'খাকসী', '২-৪ চা চামচ দৈনিক ২-৪ বার', '৩৫.০০', 100, '১০০ মিলি ', 9, 'জ্বর, মূত্রবদ্ধতা, মূত্রস্বল্পতা, ঋতুবদ্ধতা, মূত্রনালীর সংক্রামণ, জন্ডিস।   ', 'প্রাপ্ত বয়স্কঃ ২-৪ চা চামচ দৈনিক ২-৪ বার, অপ্রাপ্ত বয়স্কঃ ১-২ চা চামচ দৈনিক ২-৪ বার আহারের পূর্বে অথবা চিকিৎসকের পরামর্শ আনুযায়ী সেব্য।', '', 38),
(99, 'প্রমেফ', 'Promef', 'মুদির ', '২-৪ চা চামচ দৈনিক ২-৪ বার', '৩৫.০০', 100, '১০০ মিলি ', 10, 'জ্বর, মূত্রবদ্ধতা, মূত্রস্বল্পতা, ঋতুবদ্ধতা, মূত্রনালীর সংক্রামণ, জন্ডিস।   ', 'প্রাপ্ত বয়স্কঃ ২-৪ চা চামচ দৈনিক ২-৪ বার, অপ্রাপ্ত বয়স্কঃ ১-২ চা চামচ দৈনিক ২-৪ বার আহারের পূর্বে অথবা চিকিৎসকের পরামর্শ আনুযায়ী সেব্য।', '', 38),
(100, 'হ্যানপি', 'Hanpy', 'শেফা ', '২-৪ চা চামচ দৈনিক ২-৪ বার', '৩৫.০০', 100, '১০০ মিলি ', 10, 'জ্বর, মূত্রবদ্ধতা, মূত্রস্বল্পতা, ঋতুবদ্ধতা, মূত্রনালীর সংক্রামণ, জন্ডিস।   ', 'প্রাপ্ত বয়স্কঃ ২-৪ চা চামচ দৈনিক ২-৪ বার, অপ্রাপ্ত বয়স্কঃ ১-২ চা চামচ দৈনিক ২-৪ বার আহারের পূর্বে অথবা চিকিৎসকের পরামর্শ আনুযায়ী সেব্য।', '', 38),
(101, 'পেবলিউ', 'Peblew', 'বন্দিশ ', '২-৪ চা চামচ দৈনিক ২-৪ বার', '৩৫.০০', 100, '১০০ মিলি ', 10, 'জ্বর, মূত্রবদ্ধতা, মূত্রস্বল্পতা, ঋতুবদ্ধতা, মূত্রনালীর সংক্রামণ, জন্ডিস।   ', 'প্রাপ্ত বয়স্কঃ ২-৪ চা চামচ দৈনিক ২-৪ বার, অপ্রাপ্ত বয়স্কঃ ১-২ চা চামচ দৈনিক ২-৪ বার আহারের পূর্বে অথবা চিকিৎসকের পরামর্শ আনুযায়ী সেব্য।', '', 38),
(102, 'এন্টিলিগো ', 'Antiligo', 'বরছীনা ', '২-৪ চা চামচ দৈনিক ২-৪ বার', '৩৫.০০', 100, '১০০ মিলি ', 8, 'জ্বর, মূত্রবদ্ধতা, মূত্রস্বল্পতা, ঋতুবদ্ধতা, মূত্রনালীর সংক্রামণ, জন্ডিস।   ', 'প্রাপ্ত বয়স্কঃ ২-৪ চা চামচ দৈনিক ২-৪ বার, অপ্রাপ্ত বয়স্কঃ ১-২ চা চামচ দৈনিক ২-৪ বার আহারের পূর্বে অথবা চিকিৎসকের পরামর্শ আনুযায়ী সেব্য।', '', 38),
(103, 'হান্টার', 'Hantar', 'রাল ', '২-৪ চা চামচ দৈনিক ২-৪ বার', '৩৫.০০', 100, '১০০ মিলি ', 10, 'জ্বর, মূত্রবদ্ধতা, মূত্রস্বল্পতা, ঋতুবদ্ধতা, মূত্রনালীর সংক্রামণ, জন্ডিস।   ', 'প্রাপ্ত বয়স্কঃ ২-৪ চা চামচ দৈনিক ২-৪ বার, অপ্রাপ্ত বয়স্কঃ ১-২ চা চামচ দৈনিক ২-৪ বার আহারের পূর্বে অথবা চিকিৎসকের পরামর্শ আনুযায়ী সেব্য।', '', 38),
(104, 'সুয়ালিন', 'Sualin', 'সুয়ালিন', '২-৪ চা চামচ দৈনিক ২-৪ বার', '৩৫.০০', 100, '১০০ মিলি ', 10, 'জ্বর, মূত্রবদ্ধতা, মূত্রস্বল্পতা, ঋতুবদ্ধতা, মূত্রনালীর সংক্রামণ, জন্ডিস।   ', 'প্রাপ্ত বয়স্কঃ ২-৪ চা চামচ দৈনিক ২-৪ বার, অপ্রাপ্ত বয়স্কঃ ১-২ চা চামচ দৈনিক ২-৪ বার আহারের পূর্বে অথবা চিকিৎসকের পরামর্শ আনুযায়ী সেব্য।', '', 38),
(105, 'জাবীন', 'Jabeen', 'সেকাঞ্জাবীন বুজুরী ', '২-৪ চা চামচ দৈনিক ২-৪ বার', '৩৫.০০', 100, '১০০ মিলি ', 9, 'জ্বর, মূত্রবদ্ধতা, মূত্রস্বল্পতা, ঋতুবদ্ধতা, মূত্রনালীর সংক্রামণ, জন্ডিস।   ', 'প্রাপ্ত বয়স্কঃ ২-৪ চা চামচ দৈনিক ২-৪ বার, অপ্রাপ্ত বয়স্কঃ ১-২ চা চামচ দৈনিক ২-৪ বার আহারের পূর্বে অথবা চিকিৎসকের পরামর্শ আনুযায়ী সেব্য।', '', 38),
(106, 'পেনিটোন', 'Peniton', 'তিলা জাদীদ', '২-৪ চা চামচ দৈনিক ২-৪ বার', '৩৫.০০', 100, '১০০ মিলি ', 12, 'জ্বর, মূত্রবদ্ধতা, মূত্রস্বল্পতা, ঋতুবদ্ধতা, মূত্রনালীর সংক্রামণ, জন্ডিস।   ', 'প্রাপ্ত বয়স্কঃ ২-৪ চা চামচ দৈনিক ২-৪ বার, অপ্রাপ্ত বয়স্কঃ ১-২ চা চামচ দৈনিক ২-৪ বার আহারের পূর্বে অথবা চিকিৎসকের পরামর্শ আনুযায়ী সেব্য।', '', 38),
(107, 'ডারমেইড', 'Dermaid', 'মরহম খারিশ', '২-৪ চা চামচ দৈনিক ২-৪ বার', '৩৫.০০', 100, '১০০ মিলি ', 13, 'জ্বর, মূত্রবদ্ধতা, মূত্রস্বল্পতা, ঋতুবদ্ধতা, মূত্রনালীর সংক্রামণ, জন্ডিস।   ', 'প্রাপ্ত বয়স্কঃ ২-৪ চা চামচ দৈনিক ২-৪ বার, অপ্রাপ্ত বয়স্কঃ ১-২ চা চামচ দৈনিক ২-৪ বার আহারের পূর্বে অথবা চিকিৎসকের পরামর্শ আনুযায়ী সেব্য।', '', 38),
(108, 'কুলজম', 'Kulzam', 'কুলজম', '২-৪ চা চামচ দৈনিক ২-৪ বার', '৩৫.০০', 100, '১০০ মিলি ', 12, 'জ্বর, মূত্রবদ্ধতা, মূত্রস্বল্পতা, ঋতুবদ্ধতা, মূত্রনালীর সংক্রামণ, জন্ডিস।   ', 'প্রাপ্ত বয়স্কঃ ২-৪ চা চামচ দৈনিক ২-৪ বার, অপ্রাপ্ত বয়স্কঃ ১-২ চা চামচ দৈনিক ২-৪ বার আহারের পূর্বে অথবা চিকিৎসকের পরামর্শ আনুযায়ী সেব্য।', '', 38),
(109, 'দন্তরক্ষা ', 'Danta Rakkha', 'সনূন বাবলা ', '২-৪ চা চামচ দৈনিক ২-৪ বার', '৩৫.০০', 100, '১০০ মিলি ', 14, 'জ্বর, মূত্রবদ্ধতা, মূত্রস্বল্পতা, ঋতুবদ্ধতা, মূত্রনালীর সংক্রামণ, জন্ডিস।   ', 'প্রাপ্ত বয়স্কঃ ২-৪ চা চামচ দৈনিক ২-৪ বার, অপ্রাপ্ত বয়স্কঃ ১-২ চা চামচ দৈনিক ২-৪ বার আহারের পূর্বে অথবা চিকিৎসকের পরামর্শ আনুযায়ী সেব্য।', '', 38),
(110, 'আরক মাউল-হায়াত', 'Arq Maul-Hayat', 'আরক মাউল-হায়াত', '২-৪ চা চামচ দৈনিক ২-৪ বার', '৩৫.০০', 100, '১০০ মিলি ', 17, 'জ্বর, মূত্রবদ্ধতা, মূত্রস্বল্পতা, ঋতুবদ্ধতা, মূত্রনালীর সংক্রামণ, জন্ডিস।   ', 'প্রাপ্ত বয়স্কঃ ২-৪ চা চামচ দৈনিক ২-৪ বার, অপ্রাপ্ত বয়স্কঃ ১-২ চা চামচ দৈনিক ২-৪ বার আহারের পূর্বে অথবা চিকিৎসকের পরামর্শ আনুযায়ী সেব্য।', '', 38),
(111, 'মা\'জুন মুগাল্লিজ ', 'Majoon Mugalliz', 'বুজুরী', '২-৪ চা চামচ দৈনিক ২-৪ বার', '৩৫.০০', 100, '১০০ মিলি ', 15, 'জ্বর, মূত্রবদ্ধতা, মূত্রস্বল্পতা, ঋতুবদ্ধতা, মূত্রনালীর সংক্রামণ, জন্ডিস।   ', 'প্রাপ্ত বয়স্কঃ ২-৪ চা চামচ দৈনিক ২-৪ বার, অপ্রাপ্ত বয়স্কঃ ১-২ চা চামচ দৈনিক ২-৪ বার আহারের পূর্বে অথবা চিকিৎসকের পরামর্শ আনুযায়ী সেব্য।', '', 38),
(112, 'লুবুব কবীর ', 'Lubub Kabir', 'লুবুব কবীর ', '২-৪ চা চামচ দৈনিক ২-৪ বার', '৩৫.০০', 100, '১০০ মিলি ', 19, 'জ্বর, মূত্রবদ্ধতা, মূত্রস্বল্পতা, ঋতুবদ্ধতা, মূত্রনালীর সংক্রামণ, জন্ডিস।   ', 'প্রাপ্ত বয়স্কঃ ২-৪ চা চামচ দৈনিক ২-৪ বার, অপ্রাপ্ত বয়স্কঃ ১-২ চা চামচ দৈনিক ২-৪ বার আহারের পূর্বে অথবা চিকিৎসকের পরামর্শ আনুযায়ী সেব্য।', '', 38),
(113, 'মা\'জুন  মুমসিক ', 'Majoon Mumsik', 'মা\'জুন  মুমসিক ', '২-৪ চা চামচ দৈনিক ২-৪ বার', '৩৫.০০', 100, '১০০ মিলি ', 15, 'জ্বর, মূত্রবদ্ধতা, মূত্রস্বল্পতা, ঋতুবদ্ধতা, মূত্রনালীর সংক্রামণ, জন্ডিস।   ', 'প্রাপ্ত বয়স্কঃ ২-৪ চা চামচ দৈনিক ২-৪ বার, অপ্রাপ্ত বয়স্কঃ ১-২ চা চামচ দৈনিক ২-৪ বার আহারের পূর্বে অথবা চিকিৎসকের পরামর্শ আনুযায়ী সেব্য।', '', 38),
(114, 'জওয়ারিশ জালিনুস', 'Jowarish Jalinoos', 'জওয়ারিশ জালিনুস', '২-৪ চা চামচ দৈনিক ২-৪ বার', '৩৫.০০', 100, '১০০ মিলি ', 15, 'জ্বর, মূত্রবদ্ধতা, মূত্রস্বল্পতা, ঋতুবদ্ধতা, মূত্রনালীর সংক্রামণ, জন্ডিস।   ', 'প্রাপ্ত বয়স্কঃ ২-৪ চা চামচ দৈনিক ২-৪ বার, অপ্রাপ্ত বয়স্কঃ ১-২ চা চামচ দৈনিক ২-৪ বার আহারের পূর্বে অথবা চিকিৎসকের পরামর্শ আনুযায়ী সেব্য।', '', 38),
(115, 'সফূফ আমলা', 'Sufoof Amla', 'সফূফ আমলা', '২-৪ চা চামচ দৈনিক ২-৪ বার', '৩৫.০০', 100, '১০০ মিলি ', 14, 'জ্বর, মূত্রবদ্ধতা, মূত্রস্বল্পতা, ঋতুবদ্ধতা, মূত্রনালীর সংক্রামণ, জন্ডিস।   ', 'প্রাপ্ত বয়স্কঃ ২-৪ চা চামচ দৈনিক ২-৪ বার, অপ্রাপ্ত বয়স্কঃ ১-২ চা চামচ দৈনিক ২-৪ বার আহারের পূর্বে অথবা চিকিৎসকের পরামর্শ আনুযায়ী সেব্য।', '', 38),
(116, 'মা\'জুন লানা', 'Majoon Lana', 'মা\'জুন লানা', '২-৪ চা চামচ দৈনিক ২-৪ বার', '৩৫.০০', 100, '১০০ মিলি ', 15, 'জ্বর, মূত্রবদ্ধতা, মূত্রস্বল্পতা, ঋতুবদ্ধতা, মূত্রনালীর সংক্রামণ, জন্ডিস।   ', 'প্রাপ্ত বয়স্কঃ ২-৪ চা চামচ দৈনিক ২-৪ বার, অপ্রাপ্ত বয়স্কঃ ১-২ চা চামচ দৈনিক ২-৪ বার আহারের পূর্বে অথবা চিকিৎসকের পরামর্শ আনুযায়ী সেব্য।', '', 38),
(117, 'মা\'জুন আরদে খোরমা ', 'Majoon Arade Khurma', 'মা\'জুন আরদে খোরমা ', '২-৪ চা চামচ দৈনিক ২-৪ বার', '৩৫.০০', 100, '১০০ মিলি ', 15, 'জ্বর, মূত্রবদ্ধতা, মূত্রস্বল্পতা, ঋতুবদ্ধতা, মূত্রনালীর সংক্রামণ, জন্ডিস।   ', 'প্রাপ্ত বয়স্কঃ ২-৪ চা চামচ দৈনিক ২-৪ বার, অপ্রাপ্ত বয়স্কঃ ১-২ চা চামচ দৈনিক ২-৪ বার আহারের পূর্বে অথবা চিকিৎসকের পরামর্শ আনুযায়ী সেব্য।', '', 38),
(118, 'হামদর্দ আমলা ', 'Hamdard Amla', 'হামদর্দ আমলা ', '২-৪ চা চামচ দৈনিক ২-৪ বার', '৩৫.০০', 100, '১০০ মিলি ', 16, 'জ্বর, মূত্রবদ্ধতা, মূত্রস্বল্পতা, ঋতুবদ্ধতা, মূত্রনালীর সংক্রামণ, জন্ডিস।   ', 'প্রাপ্ত বয়স্কঃ ২-৪ চা চামচ দৈনিক ২-৪ বার, অপ্রাপ্ত বয়স্কঃ ১-২ চা চামচ দৈনিক ২-৪ বার আহারের পূর্বে অথবা চিকিৎসকের পরামর্শ আনুযায়ী সেব্য।', '', 38),
(119, 'সফুফ জিরিয়ান ', 'Sufoof Jiryan', 'সফুফ জিরিয়ান ', '২-৪ চা চামচ দৈনিক ২-৪ বার', '৩৫.০০', 100, '১০০ মিলি ', 14, 'জ্বর, মূত্রবদ্ধতা, মূত্রস্বল্পতা, ঋতুবদ্ধতা, মূত্রনালীর সংক্রামণ, জন্ডিস।   ', 'প্রাপ্ত বয়স্কঃ ২-৪ চা চামচ দৈনিক ২-৪ বার, অপ্রাপ্ত বয়স্কঃ ১-২ চা চামচ দৈনিক ২-৪ বার আহারের পূর্বে অথবা চিকিৎসকের পরামর্শ আনুযায়ী সেব্য।', '', 38),
(120, 'মা\'জুন চুবচীনী', 'Majoon Choobchini', 'মা\'জুন চুবচীনী', '২-৪ চা চামচ দৈনিক ২-৪ বার', '৩৫.০০', 100, '১০০ মিলি ', 15, 'জ্বর, মূত্রবদ্ধতা, মূত্রস্বল্পতা, ঋতুবদ্ধতা, মূত্রনালীর সংক্রামণ, জন্ডিস।   ', 'প্রাপ্ত বয়স্কঃ ২-৪ চা চামচ দৈনিক ২-৪ বার, অপ্রাপ্ত বয়স্কঃ ১-২ চা চামচ দৈনিক ২-৪ বার আহারের পূর্বে অথবা চিকিৎসকের পরামর্শ আনুযায়ী সেব্য।', '', 38),
(121, 'এত্রিফল উসতুখুদুস', 'Etrifal Ustukhudus', 'এত্রিফল উসতুখুদুস', '২-৪ চা চামচ দৈনিক ২-৪ বার', '৩৫.০০', 100, '১০০ মিলি ', 15, 'জ্বর, মূত্রবদ্ধতা, মূত্রস্বল্পতা, ঋতুবদ্ধতা, মূত্রনালীর সংক্রামণ, জন্ডিস।   ', 'প্রাপ্ত বয়স্কঃ ২-৪ চা চামচ দৈনিক ২-৪ বার, অপ্রাপ্ত বয়স্কঃ ১-২ চা চামচ দৈনিক ২-৪ বার আহারের পূর্বে অথবা চিকিৎসকের পরামর্শ আনুযায়ী সেব্য।', '', 38),
(122, 'মা\'জুন ওশবা ', 'Majoon Ushba', 'মা\'জুন ওশবা ', '২-৪ চা চামচ দৈনিক ২-৪ বার', '৩৫.০০', 100, '১০০ মিলি ', 15, 'জ্বর, মূত্রবদ্ধতা, মূত্রস্বল্পতা, ঋতুবদ্ধতা, মূত্রনালীর সংক্রামণ, জন্ডিস।   ', 'প্রাপ্ত বয়স্কঃ ২-৪ চা চামচ দৈনিক ২-৪ বার, অপ্রাপ্ত বয়স্কঃ ১-২ চা চামচ দৈনিক ২-৪ বার আহারের পূর্বে অথবা চিকিৎসকের পরামর্শ আনুযায়ী সেব্য।', '', 38),
(123, 'জওয়ারিশ  যরউনী', 'Jowarish Zarooni', 'জওয়ারিশ  যরউনী', '২-৪ চা চামচ দৈনিক ২-৪ বার', '৩৫.০০', 100, '১০০ মিলি ', 15, 'জ্বর, মূত্রবদ্ধতা, মূত্রস্বল্পতা, ঋতুবদ্ধতা, মূত্রনালীর সংক্রামণ, জন্ডিস।   ', 'প্রাপ্ত বয়স্কঃ ২-৪ চা চামচ দৈনিক ২-৪ বার, অপ্রাপ্ত বয়স্কঃ ১-২ চা চামচ দৈনিক ২-৪ বার আহারের পূর্বে অথবা চিকিৎসকের পরামর্শ আনুযায়ী সেব্য।', '', 38),
(124, 'সফুফ সুপারিপাক ', 'Sufoof Suparipak', 'সফুফ সুপারিপাক ', '২-৪ চা চামচ দৈনিক ২-৪ বার', '৩৫.০০', 100, '১০০ মিলি ', 14, 'জ্বর, মূত্রবদ্ধতা, মূত্রস্বল্পতা, ঋতুবদ্ধতা, মূত্রনালীর সংক্রামণ, জন্ডিস।   ', 'প্রাপ্ত বয়স্কঃ ২-৪ চা চামচ দৈনিক ২-৪ বার, অপ্রাপ্ত বয়স্কঃ ১-২ চা চামচ দৈনিক ২-৪ বার আহারের পূর্বে অথবা চিকিৎসকের পরামর্শ আনুযায়ী সেব্য।', '', 38),
(125, 'এত্রিফল শাহতারা ', 'Etrifal Shahtara', 'এত্রিফল শাহতারা ', '২-৪ চা চামচ দৈনিক ২-৪ বার', '৩৫.০০', 100, '১০০ মিলি ', 15, 'জ্বর, মূত্রবদ্ধতা, মূত্রস্বল্পতা, ঋতুবদ্ধতা, মূত্রনালীর সংক্রামণ, জন্ডিস।   ', 'প্রাপ্ত বয়স্কঃ ২-৪ চা চামচ দৈনিক ২-৪ বার, অপ্রাপ্ত বয়স্কঃ ১-২ চা চামচ দৈনিক ২-৪ বার আহারের পূর্বে অথবা চিকিৎসকের পরামর্শ আনুযায়ী সেব্য।', '', 38),
(126, 'মা\'জুন দবীদুল ওয়ার্দ ', 'Majoon Dabeedul Ward', 'বুজুরী', '২-৪ চা চামচ দৈনিক ২-৪ বার', '৩৫.০০', 100, '১০০ মিলি ', 15, 'জ্বর, মূত্রবদ্ধতা, মূত্রস্বল্পতা, ঋতুবদ্ধতা, মূত্রনালীর সংক্রামণ, জন্ডিস।   ', 'প্রাপ্ত বয়স্কঃ ২-৪ চা চামচ দৈনিক ২-৪ বার, অপ্রাপ্ত বয়স্কঃ ১-২ চা চামচ দৈনিক ২-৪ বার আহারের পূর্বে অথবা চিকিৎসকের পরামর্শ আনুযায়ী সেব্য।', '', 38),
(127, 'মা\'জুন কুন্দুর', 'Majoon Kundur', 'মা\'জুন কুন্দুর', '২-৪ চা চামচ দৈনিক ২-৪ বার', '৩৫.০০', 100, '১০০ মিলি ', 15, 'জ্বর, মূত্রবদ্ধতা, মূত্রস্বল্পতা, ঋতুবদ্ধতা, মূত্রনালীর সংক্রামণ, জন্ডিস।   ', 'প্রাপ্ত বয়স্কঃ ২-৪ চা চামচ দৈনিক ২-৪ বার, অপ্রাপ্ত বয়স্কঃ ১-২ চা চামচ দৈনিক ২-৪ বার আহারের পূর্বে অথবা চিকিৎসকের পরামর্শ আনুযায়ী সেব্য।', '', 38),
(129, 'মাজুন ফালাসেফা', 'Majoon Falasefa', 'মাজুন ফালাসেফা', '২-৪ চা চামচ দৈনিক ২-৪ বার', '৩৫.০০', 100, '১০০ মিলি ', 15, 'জ্বর, মূত্রবদ্ধতা, মূত্রস্বল্পতা, ঋতুবদ্ধতা, মূত্রনালীর সংক্রামণ, জন্ডিস।   ', 'প্রাপ্ত বয়স্কঃ ২-৪ চা চামচ দৈনিক ২-৪ বার, অপ্রাপ্ত বয়স্কঃ ১-২ চা চামচ দৈনিক ২-৪ বার আহারের পূর্বে অথবা চিকিৎসকের পরামর্শ আনুযায়ী সেব্য।', '', 38),
(130, 'খামীরা মারওয়ারীদ', 'Khamira Marwareed', 'খামীরা মারওয়ারীদ', '২-৪ চা চামচ দৈনিক ২-৪ বার', '৩৫.০০', 100, '১০০ মিলি ', 15, 'জ্বর, মূত্রবদ্ধতা, মূত্রস্বল্পতা, ঋতুবদ্ধতা, মূত্রনালীর সংক্রামণ, জন্ডিস।   ', 'প্রাপ্ত বয়স্কঃ ২-৪ চা চামচ দৈনিক ২-৪ বার, অপ্রাপ্ত বয়স্কঃ ১-২ চা চামচ দৈনিক ২-৪ বার আহারের পূর্বে অথবা চিকিৎসকের পরামর্শ আনুযায়ী সেব্য।', '', 38),
(131, 'অ্যালকুলী ', 'Kamira Abresham', 'বুজুরী', '২-৪ চা চামচ দৈনিক ২-৪ বার', '৩৫.০০', 100, '১০০ মিলি ', 9, 'জ্বর, মূত্রবদ্ধতা, মূত্রস্বল্পতা, ঋতুবদ্ধতা, মূত্রনালীর সংক্রামণ, জন্ডিস।   ', 'প্রাপ্ত বয়স্কঃ ২-৪ চা চামচ দৈনিক ২-৪ বার, অপ্রাপ্ত বয়স্কঃ ১-২ চা চামচ দৈনিক ২-৪ বার আহারের পূর্বে অথবা চিকিৎসকের পরামর্শ আনুযায়ী সেব্য।', 'im.jpg', 38),
(132, 'লউক সাপেস্তান ', 'Laooq Sapistan', 'লউক সাপেস্তান', '২-৪ চা চামচ দৈনিক ২-৪ বার', '৩৫.০০', 100, '১০০ মিলি ', 15, 'জ্বর, মূত্রবদ্ধতা, মূত্রস্বল্পতা, ঋতুবদ্ধতা, মূত্রনালীর সংক্রামণ, জন্ডিস।   ', 'প্রাপ্ত বয়স্কঃ ২-৪ চা চামচ দৈনিক ২-৪ বার, অপ্রাপ্ত বয়স্কঃ ১-২ চা চামচ দৈনিক ২-৪ বার আহারের পূর্বে অথবা চিকিৎসকের পরামর্শ আনুযায়ী সেব্য।', '', 38),
(133, 'সফুফ মোইয়া ', 'Sufoof Moya', 'সফুফ মোইয়া ', '২-৪ চা চামচ দৈনিক ২-৪ বার', '৩৫.০০', 100, '১০০ মিলি ', 14, 'জ্বর, মূত্রবদ্ধতা, মূত্রস্বল্পতা, ঋতুবদ্ধতা, মূত্রনালীর সংক্রামণ, জন্ডিস।   ', 'প্রাপ্ত বয়স্কঃ ২-৪ চা চামচ দৈনিক ২-৪ বার, অপ্রাপ্ত বয়স্কঃ ১-২ চা চামচ দৈনিক ২-৪ বার আহারের পূর্বে অথবা চিকিৎসকের পরামর্শ আনুযায়ী সেব্য।', '', 38),
(134, 'সফুফ মুগাল্লিয', 'Sufoof Mugalliz', 'সফুফ মুগাল্লিয', '২-৪ চা চামচ দৈনিক ২-৪ বার', '৩৫.০০', 100, '১০০ মিলি ', 14, 'জ্বর, মূত্রবদ্ধতা, মূত্রস্বল্পতা, ঋতুবদ্ধতা, মূত্রনালীর সংক্রামণ, জন্ডিস।   ', 'প্রাপ্ত বয়স্কঃ ২-৪ চা চামচ দৈনিক ২-৪ বার, অপ্রাপ্ত বয়স্কঃ ১-২ চা চামচ দৈনিক ২-৪ বার আহারের পূর্বে অথবা চিকিৎসকের পরামর্শ আনুযায়ী সেব্য।', '', 38),
(135, 'জওয়ারিশ মুছতাগী', 'Jowarish Mustagi', 'জওয়ারিশ মুছতাগী', '২-৪ চা চামচ দৈনিক ২-৪ বার', '৩৫.০০', 100, '১০০ মিলি ', 15, 'জ্বর, মূত্রবদ্ধতা, মূত্রস্বল্পতা, ঋতুবদ্ধতা, মূত্রনালীর সংক্রামণ, জন্ডিস।   ', 'প্রাপ্ত বয়স্কঃ ২-৪ চা চামচ দৈনিক ২-৪ বার, অপ্রাপ্ত বয়স্কঃ ১-২ চা চামচ দৈনিক ২-৪ বার আহারের পূর্বে অথবা চিকিৎসকের পরামর্শ আনুযায়ী সেব্য।', '', 38),
(136, 'সফুফ ছুদা ', 'Sufoof Suda', 'সফুফ ছুদা ', '২-৪ চা চামচ দৈনিক ২-৪ বার', '৩৫.০০', 100, '১০০ মিলি ', 14, 'জ্বর, মূত্রবদ্ধতা, মূত্রস্বল্পতা, ঋতুবদ্ধতা, মূত্রনালীর সংক্রামণ, জন্ডিস।   ', 'প্রাপ্ত বয়স্কঃ ২-৪ চা চামচ দৈনিক ২-৪ বার, অপ্রাপ্ত বয়স্কঃ ১-২ চা চামচ দৈনিক ২-৪ বার আহারের পূর্বে অথবা চিকিৎসকের পরামর্শ আনুযায়ী সেব্য।', '', 38),
(137, 'মা\'জুন সোহাগশুঁঠ', 'Majoon Sohagsoonth', 'মা\'জুন সোহাগশুঁঠ', '২-৪ চা চামচ দৈনিক ২-৪ বার', '৩৫.০০', 100, '১০০ মিলি ', 15, 'জ্বর, মূত্রবদ্ধতা, মূত্রস্বল্পতা, ঋতুবদ্ধতা, মূত্রনালীর সংক্রামণ, জন্ডিস।   ', 'প্রাপ্ত বয়স্কঃ ২-৪ চা চামচ দৈনিক ২-৪ বার, অপ্রাপ্ত বয়স্কঃ ১-২ চা চামচ দৈনিক ২-৪ বার আহারের পূর্বে অথবা চিকিৎসকের পরামর্শ আনুযায়ী সেব্য।', '', 38),
(138, 'মা\'জুন  সুরঞ্জান', 'Majoon Suranjan', 'মা\'জুন  সুরঞ্জান', '২-৪ চা চামচ দৈনিক ২-৪ বার', '৩৫.০০', 100, '১০০ মিলি ', 15, 'জ্বর, মূত্রবদ্ধতা, মূত্রস্বল্পতা, ঋতুবদ্ধতা, মূত্রনালীর সংক্রামণ, জন্ডিস।   ', 'প্রাপ্ত বয়স্কঃ ২-৪ চা চামচ দৈনিক ২-৪ বার, অপ্রাপ্ত বয়স্কঃ ১-২ চা চামচ দৈনিক ২-৪ বার আহারের পূর্বে অথবা চিকিৎসকের পরামর্শ আনুযায়ী সেব্য।', '', 38),
(139, 'খামীরা গাওজবান', 'Khamira Gawzaban', 'খামীরা গাওজবান', '২-৪ চা চামচ দৈনিক ২-৪ বার', '৩৫.০০', 100, '১০০ মিলি ', 15, 'জ্বর, মূত্রবদ্ধতা, মূত্রস্বল্পতা, ঋতুবদ্ধতা, মূত্রনালীর সংক্রামণ, জন্ডিস।   ', 'প্রাপ্ত বয়স্কঃ ২-৪ চা চামচ দৈনিক ২-৪ বার, অপ্রাপ্ত বয়স্কঃ ১-২ চা চামচ দৈনিক ২-৪ বার আহারের পূর্বে অথবা চিকিৎসকের পরামর্শ আনুযায়ী সেব্য।', '', 38),
(140, 'জওয়ারিশ কমুনী', 'Jowarish Kamuni', 'জওয়ারিশ কমুনী', '২-৪ চা চামচ দৈনিক ২-৪ বার', '৩৫.০০', 100, '১০০ মিলি ', 15, 'জ্বর, মূত্রবদ্ধতা, মূত্রস্বল্পতা, ঋতুবদ্ধতা, মূত্রনালীর সংক্রামণ, জন্ডিস।   ', 'প্রাপ্ত বয়স্কঃ ২-৪ চা চামচ দৈনিক ২-৪ বার, অপ্রাপ্ত বয়স্কঃ ১-২ চা চামচ দৈনিক ২-৪ বার আহারের পূর্বে অথবা চিকিৎসকের পরামর্শ আনুযায়ী সেব্য।', '', 38),
(141, 'জওয়ারিশ শাহী', 'Jowarish Shahi', 'জওয়ারিশ শাহী', '২-৪ চা চামচ দৈনিক ২-৪ বার', '৩৫.০০', 100, '১০০ মিলি ', 15, 'জ্বর, মূত্রবদ্ধতা, মূত্রস্বল্পতা, ঋতুবদ্ধতা, মূত্রনালীর সংক্রামণ, জন্ডিস।   ', 'প্রাপ্ত বয়স্কঃ ২-৪ চা চামচ দৈনিক ২-৪ বার, অপ্রাপ্ত বয়স্কঃ ১-২ চা চামচ দৈনিক ২-৪ বার আহারের পূর্বে অথবা চিকিৎসকের পরামর্শ আনুযায়ী সেব্য।', '', 38),
(142, 'মাউল-লহম', 'Maul Lahm', 'মাউল-লহম', '২-৪ চা চামচ দৈনিক ২-৪ বার', '৩৫.০০', 100, '১০০ মিলি ', 17, 'জ্বর, মূত্রবদ্ধতা, মূত্রস্বল্পতা, ঋতুবদ্ধতা, মূত্রনালীর সংক্রামণ, জন্ডিস।   ', 'প্রাপ্ত বয়স্কঃ ২-৪ চা চামচ দৈনিক ২-৪ বার, অপ্রাপ্ত বয়স্কঃ ১-২ চা চামচ দৈনিক ২-৪ বার আহারের পূর্বে অথবা চিকিৎসকের পরামর্শ আনুযায়ী সেব্য।', '', 38),
(143, 'জওয়ারিশ বিসবাসা', 'Jowarish Bisbasa', 'জওয়ারিশ বিসবাসা', '২-৪ চা চামচ দৈনিক ২-৪ বার', '৩৫.০০', 100, '১০০ মিলি ', 15, 'জ্বর, মূত্রবদ্ধতা, মূত্রস্বল্পতা, ঋতুবদ্ধতা, মূত্রনালীর সংক্রামণ, জন্ডিস।   ', 'প্রাপ্ত বয়স্কঃ ২-৪ চা চামচ দৈনিক ২-৪ বার, অপ্রাপ্ত বয়স্কঃ ১-২ চা চামচ দৈনিক ২-৪ বার আহারের পূর্বে অথবা চিকিৎসকের পরামর্শ আনুযায়ী সেব্য।', '', 38),
(144, 'অ্যালকুলী ', 'Etrifal Kashnizi', 'বুজুরী', '২-৪ চা চামচ দৈনিক ২-৪ বার', '৩৫.০০', 100, '১০০ মিলি ', 9, 'জ্বর, মূত্রবদ্ধতা, মূত্রস্বল্পতা, ঋতুবদ্ধতা, মূত্রনালীর সংক্রামণ, জন্ডিস।   ', 'প্রাপ্ত বয়স্কঃ ২-৪ চা চামচ দৈনিক ২-৪ বার, অপ্রাপ্ত বয়স্কঃ ১-২ চা চামচ দৈনিক ২-৪ বার আহারের পূর্বে অথবা চিকিৎসকের পরামর্শ আনুযায়ী সেব্য।', '', 38),
(145, 'অ্যালকুলী ', 'Etrifal Zamani', 'বুজুরী', '২-৪ চা চামচ দৈনিক ২-৪ বার', '৩৫.০০', 100, '১০০ মিলি ', 9, 'জ্বর, মূত্রবদ্ধতা, মূত্রস্বল্পতা, ঋতুবদ্ধতা, মূত্রনালীর সংক্রামণ, জন্ডিস।   ', 'প্রাপ্ত বয়স্কঃ ২-৪ চা চামচ দৈনিক ২-৪ বার, অপ্রাপ্ত বয়স্কঃ ১-২ চা চামচ দৈনিক ২-৪ বার আহারের পূর্বে অথবা চিকিৎসকের পরামর্শ আনুযায়ী সেব্য।', '', 38),
(146, 'অ্যালকুলী ', 'Jowarish Amla', 'বুজুরী', '২-৪ চা চামচ দৈনিক ২-৪ বার', '৩৫.০০', 100, '১০০ মিলি ', 9, 'জ্বর, মূত্রবদ্ধতা, মূত্রস্বল্পতা, ঋতুবদ্ধতা, মূত্রনালীর সংক্রামণ, জন্ডিস।   ', 'প্রাপ্ত বয়স্কঃ ২-৪ চা চামচ দৈনিক ২-৪ বার, অপ্রাপ্ত বয়স্কঃ ১-২ চা চামচ দৈনিক ২-৪ বার আহারের পূর্বে অথবা চিকিৎসকের পরামর্শ আনুযায়ী সেব্য।', '', 38),
(147, 'অ্যালকুলী ', 'Rowghan Surkh', 'বুজুরী', '২-৪ চা চামচ দৈনিক ২-৪ বার', '৩৫.০০', 100, '১০০ মিলি ', 9, 'জ্বর, মূত্রবদ্ধতা, মূত্রস্বল্পতা, ঋতুবদ্ধতা, মূত্রনালীর সংক্রামণ, জন্ডিস।   ', 'প্রাপ্ত বয়স্কঃ ২-৪ চা চামচ দৈনিক ২-৪ বার, অপ্রাপ্ত বয়স্কঃ ১-২ চা চামচ দৈনিক ২-৪ বার আহারের পূর্বে অথবা চিকিৎসকের পরামর্শ আনুযায়ী সেব্য।', '', 38),
(148, 'অ্যালকুলী ', 'Jowarish Tamarhindi', 'বুজুরী', '২-৪ চা চামচ দৈনিক ২-৪ বার', '৩৫.০০', 100, '১০০ মিলি ', 9, 'জ্বর, মূত্রবদ্ধতা, মূত্রস্বল্পতা, ঋতুবদ্ধতা, মূত্রনালীর সংক্রামণ, জন্ডিস।   ', 'প্রাপ্ত বয়স্কঃ ২-৪ চা চামচ দৈনিক ২-৪ বার, অপ্রাপ্ত বয়স্কঃ ১-২ চা চামচ দৈনিক ২-৪ বার আহারের পূর্বে অথবা চিকিৎসকের পরামর্শ আনুযায়ী সেব্য।', '', 38),
(149, 'অ্যালকুলী ', 'Arq Poodina', 'বুজুরী', '২-৪ চা চামচ দৈনিক ২-৪ বার', '৩৫.০০', 100, '১০০ মিলি ', 9, 'জ্বর, মূত্রবদ্ধতা, মূত্রস্বল্পতা, ঋতুবদ্ধতা, মূত্রনালীর সংক্রামণ, জন্ডিস।   ', 'প্রাপ্ত বয়স্কঃ ২-৪ চা চামচ দৈনিক ২-৪ বার, অপ্রাপ্ত বয়স্কঃ ১-২ চা চামচ দৈনিক ২-৪ বার আহারের পূর্বে অথবা চিকিৎসকের পরামর্শ আনুযায়ী সেব্য।', '', 38),
(150, 'অ্যালকুলী ', 'Etrifal Badian', 'বুজুরী', '২-৪ চা চামচ দৈনিক ২-৪ বার', '৩৫.০০', 100, '১০০ মিলি ', 9, 'জ্বর, মূত্রবদ্ধতা, মূত্রস্বল্পতা, ঋতুবদ্ধতা, মূত্রনালীর সংক্রামণ, জন্ডিস।   ', 'প্রাপ্ত বয়স্কঃ ২-৪ চা চামচ দৈনিক ২-৪ বার, অপ্রাপ্ত বয়স্কঃ ১-২ চা চামচ দৈনিক ২-৪ বার আহারের পূর্বে অথবা চিকিৎসকের পরামর্শ আনুযায়ী সেব্য।', '', 38),
(151, 'অ্যালকুলী ', 'Arq Badiyan', 'বুজুরী', '২-৪ চা চামচ দৈনিক ২-৪ বার', '৩৫.০০', 100, '১০০ মিলি ', 9, 'জ্বর, মূত্রবদ্ধতা, মূত্রস্বল্পতা, ঋতুবদ্ধতা, মূত্রনালীর সংক্রামণ, জন্ডিস।   ', 'প্রাপ্ত বয়স্কঃ ২-৪ চা চামচ দৈনিক ২-৪ বার, অপ্রাপ্ত বয়স্কঃ ১-২ চা চামচ দৈনিক ২-৪ বার আহারের পূর্বে অথবা চিকিৎসকের পরামর্শ আনুযায়ী সেব্য।', '', 38),
(152, 'অ্যালকুলী ', 'Arq Gaozaban', 'বুজুরী', '২-৪ চা চামচ দৈনিক ২-৪ বার', '৩৫.০০', 100, '১০০ মিলি ', 9, 'জ্বর, মূত্রবদ্ধতা, মূত্রস্বল্পতা, ঋতুবদ্ধতা, মূত্রনালীর সংক্রামণ, জন্ডিস।   ', 'প্রাপ্ত বয়স্কঃ ২-৪ চা চামচ দৈনিক ২-৪ বার, অপ্রাপ্ত বয়স্কঃ ১-২ চা চামচ দৈনিক ২-৪ বার আহারের পূর্বে অথবা চিকিৎসকের পরামর্শ আনুযায়ী সেব্য।', '', 38),
(153, 'অ্যালকুলী ', 'Nimak Solaimani', 'বুজুরী', '২-৪ চা চামচ দৈনিক ২-৪ বার', '৩৫.০০', 100, '১০০ মিলি ', 9, 'জ্বর, মূত্রবদ্ধতা, মূত্রস্বল্পতা, ঋতুবদ্ধতা, মূত্রনালীর সংক্রামণ, জন্ডিস।   ', 'প্রাপ্ত বয়স্কঃ ২-৪ চা চামচ দৈনিক ২-৪ বার, অপ্রাপ্ত বয়স্কঃ ১-২ চা চামচ দৈনিক ২-৪ বার আহারের পূর্বে অথবা চিকিৎসকের পরামর্শ আনুযায়ী সেব্য।', '', 38),
(154, 'অ্যালকুলী ', 'Arq Ajwain', 'বুজুরী', '২-৪ চা চামচ দৈনিক ২-৪ বার', '৩৫.০০', 100, '১০০ মিলি ', 9, 'জ্বর, মূত্রবদ্ধতা, মূত্রস্বল্পতা, ঋতুবদ্ধতা, মূত্রনালীর সংক্রামণ, জন্ডিস।   ', 'প্রাপ্ত বয়স্কঃ ২-৪ চা চামচ দৈনিক ২-৪ বার, অপ্রাপ্ত বয়স্কঃ ১-২ চা চামচ দৈনিক ২-৪ বার আহারের পূর্বে অথবা চিকিৎসকের পরামর্শ আনুযায়ী সেব্য।', '', 38),
(155, 'অ্যালকুলী ', 'Khamira Gawzaban Ambari', 'বুজুরী', '২-৪ চা চামচ দৈনিক ২-৪ বার', '৩৫.০০', 100, '১০০ মিলি ', 9, 'জ্বর, মূত্রবদ্ধতা, মূত্রস্বল্পতা, ঋতুবদ্ধতা, মূত্রনালীর সংক্রামণ, জন্ডিস।   ', 'প্রাপ্ত বয়স্কঃ ২-৪ চা চামচ দৈনিক ২-৪ বার, অপ্রাপ্ত বয়স্কঃ ১-২ চা চামচ দৈনিক ২-৪ বার আহারের পূর্বে অথবা চিকিৎসকের পরামর্শ আনুযায়ী সেব্য।', '', 38),
(156, 'অ্যালকুলী ', 'Etrifal Kabir', 'বুজুরী', '২-৪ চা চামচ দৈনিক ২-৪ বার', '৩৫.০০', 100, '১০০ মিলি ', 9, 'জ্বর, মূত্রবদ্ধতা, মূত্রস্বল্পতা, ঋতুবদ্ধতা, মূত্রনালীর সংক্রামণ, জন্ডিস।   ', 'প্রাপ্ত বয়স্কঃ ২-৪ চা চামচ দৈনিক ২-৪ বার, অপ্রাপ্ত বয়স্কঃ ১-২ চা চামচ দৈনিক ২-৪ বার আহারের পূর্বে অথবা চিকিৎসকের পরামর্শ আনুযায়ী সেব্য।', '', 38),
(157, 'অ্যালকুলী ', 'Arq Mako', 'বুজুরী', '২-৪ চা চামচ দৈনিক ২-৪ বার', '৩৫.০০', 100, '১০০ মিলি ', 9, 'জ্বর, মূত্রবদ্ধতা, মূত্রস্বল্পতা, ঋতুবদ্ধতা, মূত্রনালীর সংক্রামণ, জন্ডিস।   ', 'প্রাপ্ত বয়স্কঃ ২-৪ চা চামচ দৈনিক ২-৪ বার, অপ্রাপ্ত বয়স্কঃ ১-২ চা চামচ দৈনিক ২-৪ বার আহারের পূর্বে অথবা চিকিৎসকের পরামর্শ আনুযায়ী সেব্য।', '', 38),
(158, 'অ্যালকুলী ', 'Neelofar', 'বুজুরী', '২-৪ চা চামচ দৈনিক ২-৪ বার', '৩৫.০০', 100, '১০০ মিলি ', 9, 'জ্বর, মূত্রবদ্ধতা, মূত্রস্বল্পতা, ঋতুবদ্ধতা, মূত্রনালীর সংক্রামণ, জন্ডিস।   ', 'প্রাপ্ত বয়স্কঃ ২-৪ চা চামচ দৈনিক ২-৪ বার, অপ্রাপ্ত বয়স্কঃ ১-২ চা চামচ দৈনিক ২-৪ বার আহারের পূর্বে অথবা চিকিৎসকের পরামর্শ আনুযায়ী সেব্য।', '', 38),
(159, 'অ্যালকুলী ', 'Qarhin', 'বুজুরী', '২-৪ চা চামচ দৈনিক ২-৪ বার', '৩৫.০০', 100, '১০০ মিলি ', 9, 'জ্বর, মূত্রবদ্ধতা, মূত্রস্বল্পতা, ঋতুবদ্ধতা, মূত্রনালীর সংক্রামণ, জন্ডিস।   ', 'প্রাপ্ত বয়স্কঃ ২-৪ চা চামচ দৈনিক ২-৪ বার, অপ্রাপ্ত বয়স্কঃ ১-২ চা চামচ দৈনিক ২-৪ বার আহারের পূর্বে অথবা চিকিৎসকের পরামর্শ আনুযায়ী সেব্য।', '', 38),
(160, 'অ্যালকুলী ', 'Sufoof Jigar', 'বুজুরী', '২-৪ চা চামচ দৈনিক ২-৪ বার', '৩৫.০০', 100, '১০০ মিলি ', 9, 'জ্বর, মূত্রবদ্ধতা, মূত্রস্বল্পতা, ঋতুবদ্ধতা, মূত্রনালীর সংক্রামণ, জন্ডিস।   ', 'প্রাপ্ত বয়স্কঃ ২-৪ চা চামচ দৈনিক ২-৪ বার, অপ্রাপ্ত বয়স্কঃ ১-২ চা চামচ দৈনিক ২-৪ বার আহারের পূর্বে অথবা চিকিৎসকের পরামর্শ আনুযায়ী সেব্য।', '', 38),
(161, 'অ্যালকুলী ', 'Sufoof Satte-e Gilu', 'বুজুরী', '২-৪ চা চামচ দৈনিক ২-৪ বার', '৩৫.০০', 100, '১০০ মিলি ', 9, 'জ্বর, মূত্রবদ্ধতা, মূত্রস্বল্পতা, ঋতুবদ্ধতা, মূত্রনালীর সংক্রামণ, জন্ডিস।   ', 'প্রাপ্ত বয়স্কঃ ২-৪ চা চামচ দৈনিক ২-৪ বার, অপ্রাপ্ত বয়স্কঃ ১-২ চা চামচ দৈনিক ২-৪ বার আহারের পূর্বে অথবা চিকিৎসকের পরামর্শ আনুযায়ী সেব্য।', '', 38),
(162, 'অ্যালকুলী ', 'Sufoof Mushil', 'বুজুরী', '২-৪ চা চামচ দৈনিক ২-৪ বার', '৩৫.০০', 100, '১০০ মিলি ', 9, 'জ্বর, মূত্রবদ্ধতা, মূত্রস্বল্পতা, ঋতুবদ্ধতা, মূত্রনালীর সংক্রামণ, জন্ডিস।   ', 'প্রাপ্ত বয়স্কঃ ২-৪ চা চামচ দৈনিক ২-৪ বার, অপ্রাপ্ত বয়স্কঃ ১-২ চা চামচ দৈনিক ২-৪ বার আহারের পূর্বে অথবা চিকিৎসকের পরামর্শ আনুযায়ী সেব্য।', '', 38),
(163, 'অ্যালকুলী ', 'Sofoof Mushil', 'বুজুরী', '২-৪ চা চামচ দৈনিক ২-৪ বার', '৩৫.০০', 100, '১০০ মিলি ', 9, 'জ্বর, মূত্রবদ্ধতা, মূত্রস্বল্পতা, ঋতুবদ্ধতা, মূত্রনালীর সংক্রামণ, জন্ডিস।   ', 'প্রাপ্ত বয়স্কঃ ২-৪ চা চামচ দৈনিক ২-৪ বার, অপ্রাপ্ত বয়স্কঃ ১-২ চা চামচ দৈনিক ২-৪ বার আহারের পূর্বে অথবা চিকিৎসকের পরামর্শ আনুযায়ী সেব্য।', '', 38),
(164, 'অ্যালকুলী ', 'Sufoof Suranjan', 'বুজুরী', '২-৪ চা চামচ দৈনিক ২-৪ বার', '৩৫.০০', 100, '১০০ মিলি ', 9, 'জ্বর, মূত্রবদ্ধতা, মূত্রস্বল্পতা, ঋতুবদ্ধতা, মূত্রনালীর সংক্রামণ, জন্ডিস।   ', 'প্রাপ্ত বয়স্কঃ ২-৪ চা চামচ দৈনিক ২-৪ বার, অপ্রাপ্ত বয়স্কঃ ১-২ চা চামচ দৈনিক ২-৪ বার আহারের পূর্বে অথবা চিকিৎসকের পরামর্শ আনুযায়ী সেব্য।', '', 38),
(165, 'অ্যালকুলী ', 'Sofoof Kashnizi', 'বুজুরী', '২-৪ চা চামচ দৈনিক ২-৪ বার', '৩৫.০০', 100, '১০০ মিলি ', 9, 'জ্বর, মূত্রবদ্ধতা, মূত্রস্বল্পতা, ঋতুবদ্ধতা, মূত্রনালীর সংক্রামণ, জন্ডিস।   ', 'প্রাপ্ত বয়স্কঃ ২-৪ চা চামচ দৈনিক ২-৪ বার, অপ্রাপ্ত বয়স্কঃ ১-২ চা চামচ দৈনিক ২-৪ বার আহারের পূর্বে অথবা চিকিৎসকের পরামর্শ আনুযায়ী সেব্য।', '', 38),
(166, 'অ্যালকুলী ', 'Sufoof Sandal', 'বুজুরী', '২-৪ চা চামচ দৈনিক ২-৪ বার', '৩৫.০০', 100, '১০০ মিলি ', 9, 'জ্বর, মূত্রবদ্ধতা, মূত্রস্বল্পতা, ঋতুবদ্ধতা, মূত্রনালীর সংক্রামণ, জন্ডিস।   ', 'প্রাপ্ত বয়স্কঃ ২-৪ চা চামচ দৈনিক ২-৪ বার, অপ্রাপ্ত বয়স্কঃ ১-২ চা চামচ দৈনিক ২-৪ বার আহারের পূর্বে অথবা চিকিৎসকের পরামর্শ আনুযায়ী সেব্য।', '', 38),
(167, 'অ্যালকুলী ', 'Sufoof Idrar', 'বুজুরী', '২-৪ চা চামচ দৈনিক ২-৪ বার', '৩৫.০০', 100, '১০০ মিলি ', 9, 'জ্বর, মূত্রবদ্ধতা, মূত্রস্বল্পতা, ঋতুবদ্ধতা, মূত্রনালীর সংক্রামণ, জন্ডিস।   ', 'প্রাপ্ত বয়স্কঃ ২-৪ চা চামচ দৈনিক ২-৪ বার, অপ্রাপ্ত বয়স্কঃ ১-২ চা চামচ দৈনিক ২-৪ বার আহারের পূর্বে অথবা চিকিৎসকের পরামর্শ আনুযায়ী সেব্য।', '', 38),
(168, 'অ্যালকুলী ', 'Sufoof Musakkin', 'বুজুরী', '২-৪ চা চামচ দৈনিক ২-৪ বার', '৩৫.০০', 100, '১০০ মিলি ', 9, 'জ্বর, মূত্রবদ্ধতা, মূত্রস্বল্পতা, ঋতুবদ্ধতা, মূত্রনালীর সংক্রামণ, জন্ডিস।   ', 'প্রাপ্ত বয়স্কঃ ২-৪ চা চামচ দৈনিক ২-৪ বার, অপ্রাপ্ত বয়স্কঃ ১-২ চা চামচ দৈনিক ২-৪ বার আহারের পূর্বে অথবা চিকিৎসকের পরামর্শ আনুযায়ী সেব্য।', '', 38),
(169, 'অ্যালকুলী ', 'Amritarista', 'বুজুরী', '২-৪ চা চামচ দৈনিক ২-৪ বার', '৩৫.০০', 100, '১০০ মিলি ', 9, 'জ্বর, মূত্রবদ্ধতা, মূত্রস্বল্পতা, ঋতুবদ্ধতা, মূত্রনালীর সংক্রামণ, জন্ডিস।   ', 'প্রাপ্ত বয়স্কঃ ২-৪ চা চামচ দৈনিক ২-৪ বার, অপ্রাপ্ত বয়স্কঃ ১-২ চা চামচ দৈনিক ২-৪ বার আহারের পূর্বে অথবা চিকিৎসকের পরামর্শ আনুযায়ী সেব্য।', '', 39),
(170, 'অ্যালকুলী ', 'Rooh Afza', 'বুজুরী', '২-৪ চা চামচ দৈনিক ২-৪ বার', '৩৫.০০', 100, '১০০ মিলি ', 9, 'জ্বর, মূত্রবদ্ধতা, মূত্রস্বল্পতা, ঋতুবদ্ধতা, মূত্রনালীর সংক্রামণ, জন্ডিস।   ', 'প্রাপ্ত বয়স্কঃ ২-৪ চা চামচ দৈনিক ২-৪ বার, অপ্রাপ্ত বয়স্কঃ ১-২ চা চামচ দৈনিক ২-৪ বার আহারের পূর্বে অথবা চিকিৎসকের পরামর্শ আনুযায়ী সেব্য।', '', 40),
(171, 'অ্যালকুলী ', 'Rohitakarista', 'বুজুরী', '২-৪ চা চামচ দৈনিক ২-৪ বার', '৩৫.০০', 100, '১০০ মিলি ', 9, 'জ্বর, মূত্রবদ্ধতা, মূত্রস্বল্পতা, ঋতুবদ্ধতা, মূত্রনালীর সংক্রামণ, জন্ডিস।   ', 'প্রাপ্ত বয়স্কঃ ২-৪ চা চামচ দৈনিক ২-৪ বার, অপ্রাপ্ত বয়স্কঃ ১-২ চা চামচ দৈনিক ২-৪ বার আহারের পূর্বে অথবা চিকিৎসকের পরামর্শ আনুযায়ী সেব্য।', '', 39),
(172, 'অ্যালকুলী ', 'Chyabanprash', 'বুজুরী', '২-৪ চা চামচ দৈনিক ২-৪ বার', '৩৫.০০', 100, '১০০ মিলি ', 9, 'জ্বর, মূত্রবদ্ধতা, মূত্রস্বল্পতা, ঋতুবদ্ধতা, মূত্রনালীর সংক্রামণ, জন্ডিস।   ', 'প্রাপ্ত বয়স্কঃ ২-৪ চা চামচ দৈনিক ২-৪ বার, অপ্রাপ্ত বয়স্কঃ ১-২ চা চামচ দৈনিক ২-৪ বার আহারের পূর্বে অথবা চিকিৎসকের পরামর্শ আনুযায়ী সেব্য।', '', 39),
(173, 'অ্যালকুলী ', 'Trifala Churna', 'বুজুরী', '২-৪ চা চামচ দৈনিক ২-৪ বার', '৩৫.০০', 100, '১০০ মিলি ', 9, 'জ্বর, মূত্রবদ্ধতা, মূত্রস্বল্পতা, ঋতুবদ্ধতা, মূত্রনালীর সংক্রামণ, জন্ডিস।   ', 'প্রাপ্ত বয়স্কঃ ২-৪ চা চামচ দৈনিক ২-৪ বার, অপ্রাপ্ত বয়স্কঃ ১-২ চা চামচ দৈনিক ২-৪ বার আহারের পূর্বে অথবা চিকিৎসকের পরামর্শ আনুযায়ী সেব্য।', '', 39),
(174, 'অ্যালকুলী ', 'Mustakarista', 'বুজুরী', '২-৪ চা চামচ দৈনিক ২-৪ বার', '৩৫.০০', 100, '১০০ মিলি ', 9, 'জ্বর, মূত্রবদ্ধতা, মূত্রস্বল্পতা, ঋতুবদ্ধতা, মূত্রনালীর সংক্রামণ, জন্ডিস।   ', 'প্রাপ্ত বয়স্কঃ ২-৪ চা চামচ দৈনিক ২-৪ বার, অপ্রাপ্ত বয়স্কঃ ১-২ চা চামচ দৈনিক ২-৪ বার আহারের পূর্বে অথবা চিকিৎসকের পরামর্শ আনুযায়ী সেব্য।', '', 39),
(175, 'অ্যালকুলী ', 'Ashokarista', 'বুজুরী', '২-৪ চা চামচ দৈনিক ২-৪ বার', '৩৫.০০', 100, '১০০ মিলি ', 9, 'জ্বর, মূত্রবদ্ধতা, মূত্রস্বল্পতা, ঋতুবদ্ধতা, মূত্রনালীর সংক্রামণ, জন্ডিস।   ', 'প্রাপ্ত বয়স্কঃ ২-৪ চা চামচ দৈনিক ২-৪ বার, অপ্রাপ্ত বয়স্কঃ ১-২ চা চামচ দৈনিক ২-৪ বার আহারের পূর্বে অথবা চিকিৎসকের পরামর্শ আনুযায়ী সেব্য।', '', 39),
(176, 'অ্যালকুলী ', 'Balarista', 'বুজুরী', '২-৪ চা চামচ দৈনিক ২-৪ বার', '৩৫.০০', 100, '১০০ মিলি ', 9, 'জ্বর, মূত্রবদ্ধতা, মূত্রস্বল্পতা, ঋতুবদ্ধতা, মূত্রনালীর সংক্রামণ, জন্ডিস।   ', 'প্রাপ্ত বয়স্কঃ ২-৪ চা চামচ দৈনিক ২-৪ বার, অপ্রাপ্ত বয়স্কঃ ১-২ চা চামচ দৈনিক ২-৪ বার আহারের পূর্বে অথবা চিকিৎসকের পরামর্শ আনুযায়ী সেব্য।', '', 39),
(177, 'অ্যালকুলী ', 'Alkuli', 'বুজুরী', '২-৪ চা চামচ দৈনিক ২-৪ বার', '৩৫.০০', 100, '১০০ মিলি ', 9, 'জ্বর, মূত্রবদ্ধতা, মূত্রস্বল্পতা, ঋতুবদ্ধতা, মূত্রনালীর সংক্রামণ, জন্ডিস।   ', 'প্রাপ্ত বয়স্কঃ ২-৪ চা চামচ দৈনিক ২-৪ বার, অপ্রাপ্ত বয়স্কঃ ১-২ চা চামচ দৈনিক ২-৪ বার আহারের পূর্বে অথবা চিকিৎসকের পরামর্শ আনুযায়ী সেব্য।', '', 38),
(178, 'অ্যালকুলী ', 'Honey', 'বুজুরী', '২-৪ চা চামচ দৈনিক ২-৪ বার', '৩৫.০০', 100, '১০০ মিলি ', 9, 'জ্বর, মূত্রবদ্ধতা, মূত্রস্বল্পতা, ঋতুবদ্ধতা, মূত্রনালীর সংক্রামণ, জন্ডিস।   ', 'প্রাপ্ত বয়স্কঃ ২-৪ চা চামচ দৈনিক ২-৪ বার, অপ্রাপ্ত বয়স্কঃ ১-২ চা চামচ দৈনিক ২-৪ বার আহারের পূর্বে অথবা চিকিৎসকের পরামর্শ আনুযায়ী সেব্য।', '', 40),
(179, 'আলিসা', 'Alisa', 'গার্লিট্যাব ', '৫ x ১০', 'প্রতি বক্স  ১০০ ', 100, 'প্রতি ক্যাপসুল ২', 10, 'সন্ধিবাত, গেটে বাত, শ্বসনতন্ত্রের সংক্রমন, লিপিড ও কোলেস্ট্রলের মাত্রা বৃদ্ধি, উচ্চ রক্ত চাপ ও ডায়াবেটিস। ', '১-২ ট্যাবলেট দৈনিক ২-৩ বার অথবা চিকিৎসকের পরামর্শ আনুযায়ী সেব্য। ', 'm.php', 38),
(181, 'ইন্দেমালী ', 'Indemali', 'ইন্দেমালী ', '৫ x ৬', 'প্রতি বক্স ২৪০.০০', 240, 'প্রতি ক্যাপসুল ৮.০০', 11, 'লিভারের বৃদ্ধি ও দুর্বলতা, লিভারের প্রদাহ, লিভারের প্রদাহজনিত জন্ডিস ও শোথ। ', '২ ক্যাপসুল দৈনিক ২ বার অথবা চিকিৎসকের পরামর্শ আনুযায়ী সেব্য।', '', 38),
(182, 'খামীরা আবরেশম ', 'Khamira Abresham', 'খামীরা আবরেশম ', '২-৪ চা চামচ দৈনিক ২-৪ বার', '৩৫.০০', 100, '১০০ মিলি ', 15, 'জ্বর, মূত্রবদ্ধতা, মূত্রস্বল্পতা, ঋতুবদ্ধতা, মূত্রনালীর সংক্রামণ, জন্ডিস।   ', 'প্রাপ্ত বয়স্কঃ ২-৪ চা চামচ দৈনিক ২-৪ বার, অপ্রাপ্ত বয়স্কঃ ১-২ চা চামচ দৈনিক ২-৪ বার আহারের পূর্বে অথবা চিকিৎসকের পরামর্শ আনুযায়ী সেব্য।', 'upload.php', 38);

-- --------------------------------------------------------

--
-- Table structure for table `type`
--

CREATE TABLE `type` (
  `id` int(11) NOT NULL,
  `type_name` varchar(100) CHARACTER SET utf8 NOT NULL
) ENGINE=InnoDB DEFAULT CHARSET=latin1;

--
-- Dumping data for table `type`
--

INSERT INTO `type` (`id`, `type_name`) VALUES
(8, 'capsule'),
(9, 'syrup'),
(10, 'tablet'),
(11, 'sachet'),
(12, 'droper'),
(13, 'Oinment'),
(14, 'powder'),
(15, 'semi solid'),
(16, 'oil'),
(17, 'Arok'),
(18, 'Drinks');

-- --------------------------------------------------------

--
-- Table structure for table `user`
--

CREATE TABLE `user` (
  `id` int(11) NOT NULL,
  `name` varchar(100) DEFAULT NULL,
  `email` varchar(255) DEFAULT NULL,
  `password` varchar(255) DEFAULT NULL
) ENGINE=InnoDB DEFAULT CHARSET=latin1;

--
-- Dumping data for table `user`
--

INSERT INTO `user` (`id`, `name`, `email`, `password`) VALUES
(1, 'admin', 'admin@admin.com', '21232f297a57a5a743894a0e4a801fc3');

--
-- Indexes for dumped tables
--

--
-- Indexes for table `category`
--
ALTER TABLE `category`
  ADD PRIMARY KEY (`id`);

--
-- Indexes for table `medicine`
--
ALTER TABLE `medicine`
  ADD PRIMARY KEY (`id`),
  ADD KEY `category_id` (`category_id`),
  ADD KEY `category_id_2` (`category_id`);

--
-- Indexes for table `type`
--
ALTER TABLE `type`
  ADD PRIMARY KEY (`id`);

--
-- Indexes for table `user`
--
ALTER TABLE `user`
  ADD PRIMARY KEY (`id`);

--
-- AUTO_INCREMENT for dumped tables
--

--
-- AUTO_INCREMENT for table `category`
--
ALTER TABLE `category`
  MODIFY `id` int(11) NOT NULL AUTO_INCREMENT, AUTO_INCREMENT=41;

--
-- AUTO_INCREMENT for table `medicine`
--
ALTER TABLE `medicine`
  MODIFY `id` int(11) NOT NULL AUTO_INCREMENT, AUTO_INCREMENT=183;

--
-- AUTO_INCREMENT for table `type`
--
ALTER TABLE `type`
  MODIFY `id` int(11) NOT NULL AUTO_INCREMENT, AUTO_INCREMENT=19;

--
-- AUTO_INCREMENT for table `user`
--
ALTER TABLE `user`
  MODIFY `id` int(11) NOT NULL AUTO_INCREMENT, AUTO_INCREMENT=2;

--
-- Constraints for dumped tables
--

--
-- Constraints for table `medicine`
--
ALTER TABLE `medicine`
  ADD CONSTRAINT `medicine_ibfk_1` FOREIGN KEY (`category_id`) REFERENCES `category` (`id`);
COMMIT;

/*!40101 SET CHARACTER_SET_CLIENT=@OLD_CHARACTER_SET_CLIENT */;
/*!40101 SET CHARACTER_SET_RESULTS=@OLD_CHARACTER_SET_RESULTS */;
/*!40101 SET COLLATION_CONNECTION=@OLD_COLLATION_CONNECTION */;
